title,dialogue ratio,parenthetical ratio,words per line,dialogue sentiment,number of scenes,runtime,release,domestic
DATE NIGHT,0.787870421,0.028880866,15.45306859,0.031444764,67,88,2010,98711404
YES MAN,0.789228103,0.068965517,15.70291777,0.069803008,149,104,2008,97690976
PUBLIC ENEMIES,0.761039717,0.079457364,20.25678295,0.038836523,235,143,2009,97104620
THE SOCIAL NETWORK,0.716438666,0.022994952,12.42456534,0.087535346,154,120,2010,96962694
LEGALLY BLONDE,0.408733737,0.215967247,9.743091095,0.126240528,128,96,2001,96520674
PANIC ROOM,0.191858453,0.075645756,8.182656827,0.029943676,168,112,2002,96397334
ZERO DARK THIRTY,0.785882994,0.033457249,21.43990087,0.031028356,229,157,2012,95720716
ARTHUR,0.801134318,0.044422507,17.56959526,0.050998396,132,97,1981,95461682
THE BOOK OF ELI,0.865046163,0.005018821,30.09535759,0.017455511,99,118,2010,94835059
HE'S JUST NOT THAT INTO YOU,0.806400861,0.018485915,17.14524648,0.103307111,118,129,2009,93953653
FLIGHT,0.69818645,0.066964286,20.55535714,0.060296998,131,139,2012,93772375
SAVE THE LAST DANCE,0.338205148,0.233986928,11.64575163,0.046822751,136,113,2001,91057006
BAD DREAMS,0.330403713,0.229931973,10.94557823,0.071487546,135,80,1988,9797098
BLUE VALENTINE,0.80459719,0.002890173,26.1517341,0.009445376,147,112,2010,9706328
THE VISITOR,0.803378969,0.002059732,14.20185376,0.070192121,172,103,2008,9427089
BLACK SNAKE MOAN,0.845647171,0.291715286,24.86814469,0.021640545,134,116,2007,9396870
OBLIVION,0.767284155,0.05090312,30.46962233,0.03309107,166,125,2013,89107235
THE UGLY TRUTH,0.465838237,0.108803165,10.49357072,0.119969392,132,96,2009,88915214
ENTRAPMENT,0.245709246,0.005249344,9.50656168,0.080257541,86,113,1999,87704396
PINEAPPLE EXPRESS,0.825264817,0.14822335,19.14111675,-0.02195926,93,105,2008,87341380
CLIFFHANGER,0.830132471,0.519503546,46.44326241,0.009438913,101,113,1993,84049211
UP IN THE AIR,0.787245341,0.0508647,16.58901322,0.087157286,150,109,2009,83823381
SAVING MR. BANKS,0.81650926,0.059292035,17.67345133,0.096202618,148,120,2013,83301580
VALKYRIE,0.175019275,0.065217391,6.250724638,0.044700531,160,120,2008,83077833
DIE HARD,0.706731889,0.099601594,24.1752988,0.017473766,118,131,1988,83008852
THE DESCENDANTS,0.52905464,0.067073171,13.01829268,0.077311366,120,115,2011,82584160
THE HEBREW HAMMER,0.8476639,0.001453488,26.42296512,0.048715919,62,85,2003,82157
THE TALENTED MR. RIPLEY,0.455454545,0.217772215,11.91364205,0.086608517,128,139,1999,81298265
DISTURBIA,0.235936748,0.255541069,8.306388527,0.070297084,121,104,2007,80209692
THE COOLER,0.858070633,0.179794521,30.99486301,0.025168614,95,101,2003,8291572
NICK OF TIME,0.674239028,0.080147965,16.68803946,0.021945244,123,88,1995,8175346
THE ROAD,0.810379866,0,23.16871508,-0.018836264,192,119,2009,8117000
WAR HORSE,0.871169778,0.03,27.47125,0.065032061,95,146,2011,79884879
LIMITLESS,0.771335826,0.016339869,20.44880174,0.030411446,187,105,2011,79249455
ONLY GOD FORGIVES,0.806200397,0.002980626,24.22205663,0.015544146,163,89,2013,779188
PHILADELPHIA,0.463356078,0.113113113,11.01201201,0.129310167,60,125,1993,77446440
PARIAH,0.332387636,0.015511892,6.905894519,0.089492477,91,86,2011,769552
THE SALTON SEA,0.39397282,0.166869671,10.87576127,0.038482369,145,103,2002,764554
CORIOLANUS,0.887209904,0.028151775,23.06854345,0.04436545,78,122,2012,757195
MONEYBALL,0.749534211,0.018244014,13.3027366,0.10055829,199,126,2011,75605492
CORALINE,0.75614382,0.056581986,21.63741339,0.012677791,105,100,2009,75286229
AVATAR,0.719161079,0.06675063,31.7418136,0.036521719,163,160,2009,749766139
NO COUNTRY FOR OLD MEN,0.883510306,0,21.95454545,0.005945247,150,122,2007,74283625
GROUNDHOG DAY,0.826678995,0.098659004,18.84099617,0.07566406,139,101,1993,70906973
NO STRINGS ATTACHED,0.750512445,0.04313099,12.2827476,0.07171824,128,110,2011,70662220
ARBITRAGE,0.777611141,0.09421001,14.24730128,0.031607671,111,100,2012,7919574
SLITHER,0.876123657,0.005,33.3,-0.033194723,196,96,2006,7802450
HACKERS,0.825230511,0.124671916,15.50393701,0.059810294,112,107,1995,7563728
RUSH,0.334159867,0.068656716,11.06268657,0.094680897,186,120,1991,7241350
OBSESSED,0.790109229,0.100196464,15.49017682,0.052105368,104,105,2009,68261644
THE TOURIST,0.254361515,0.117338004,8.630472855,0.068200451,131,103,2010,67631157
THIS IS 40,0.530730109,0.029357798,7.531498471,0.095740941,153,133,2012,67544505
HEAT,0.299287726,0.504495504,9.024975025,0.045858212,243,172,1995,67436818
THE GODFATHER PART III,0.820984337,0.008219178,19.52968037,0.040194855,70,162,1990,66666062
LOOPER,0.860226375,0.0129683,32.96253602,-0.017542684,317,118,2012,66486205
THE MANCHURIAN CANDIDATE,0.386379983,0.177184466,12.38713592,0.067524441,146,130,2004,65955630
BAD BOYS,0.360731284,0.174022699,12.04287516,0.051949031,276,123,1995,65807024
L.A. CONFIDENTIAL,0.858991093,0.090218424,21.24881292,0.021903005,172,138,1997,64616940
FIELD OF DREAMS,0.824735675,0.022482893,18.91006843,0.060654087,48,107,1989,64431625
MIAMI VICE,0.322179689,0.286786787,10.74174174,0.074643203,169,146,2006,63450470
THE NINES,0.351382555,0.068681319,8.361263736,0.046408635,144,102,2007,63165
THE ADJUSTMENT BUREAU,0.802038258,0.048371175,19.5774926,0.0529531,249,99,2011,62495645
THE DEVIL'S ADVOCATE,0.459775793,0.251879699,11.3712406,0.084830577,231,144,1997,60944660
THREE KINGS,0.311645687,0.033717835,7.161490683,0.038383276,146,114,1999,60652036
BURN AFTER READING,0.354761563,0.023696682,7.030331754,0.06696347,149,97,2008,60355347
CEDAR RAPIDS,0.817726807,0.069546891,21.86406744,0.072003836,119,86,2011,6861102
AMOUR,0.820094431,0.086642599,21.31949458,0.027447603,60,125,2012,6739492
THE LAST STATION,0.418229439,0.063905325,9.44852071,0.103049087,125,112,2010,6617867
THE JACKET,0.316293711,0.00122399,11.31456548,-0.001007184,181,102,2005,6303762
CROUPIER,0.711919299,0.154601227,16.45276074,0.031959743,153,94,2000,6201143
HITCHCOCK,0.777617512,0.024479804,22.43574051,0.070100577,144,98,2012,6008677
THE SESSIONS,0.444069512,0.001230012,9.712177122,0.138313089,152,98,2012,6002451
THE LAST BOY SCOUT,0.369351538,0.132933105,9.442538593,0.015042153,124,105,1991,59509925
WATER FOR ELEPHANTS,0.821981636,0.011415525,27.38812785,0.06110122,148,120,2011,58709717
JACK,0.334498295,0.075268817,7.765395894,0.113874637,129,113,1996,58620973
ALI,0.785633349,0.294835681,24.73896714,0.026133687,200,156,2001,58203105
THE LINCOLN LAWYER,0.761849433,0.064039409,15.61165846,0.028154647,142,119,2011,58009200
THE CIDER HOUSE RULES,0.830510351,0.190989226,22.043095,0.153005083,189,125,1999,57545092
TAMARA DREWE,0.784188308,0.005788712,13.30680174,0.030265507,220,107,2010,560391
BOTTLE ROCKET,0.401575193,0.114261885,6.76146789,0.077282696,95,92,1996,560069
THE MAN IN THE IRON MASK,0.337524396,0.009628611,12.37001376,0.102385556,131,172,1998,56968902
THE QUEEN,0.691451168,0.191432396,17.78982597,0.079577416,130,97,2006,56441711
FEAST,0.825705719,0.051446945,15.64415863,0.001277867,103,88,2006,56131
FANTASTIC FOUR,0.822647585,0.075327511,25.10152838,0.032071718,172,100,2015,56117548
PARANORMAN,0.84636383,0.009009009,29.79429429,-0.050820048,110,93,2012,56003051
ORDINARY PEOPLE,0.221035253,0.023059185,3.498847041,0.004444549,158,124,1980,54766923
SOURCE CODE,0.854930652,0.016528926,19.67665289,0.008281217,98,94,2011,54712227
THE ABYSS,0.237665444,0.037656904,10.39330544,0.076065631,243,146,1989,54222310
TMNT,0.730747899,0.116504854,20.78640777,0.045023524,103,90,2007,54149098
INSIDIOUS,0.861182978,0.00877193,28.2251462,0.007557136,155,98,2011,54009150
MACHINE GUN PREACHER,0.792656218,0.020430108,24.90645161,0.00086101,251,123,2011,538690
FINAL DESTINATION,0.303336575,0.119815668,11.01843318,0.027915722,101,98,2000,53331147
FUNNY PEOPLE,0.859183226,0.032013479,19.81550126,0.065358708,167,136,2009,51855045
THE FRENCH CONNECTION,0.272092145,0.121428571,10.29285714,0.067207735,184,104,1971,51700000
SYRIANA,0.783882413,0.024804178,30.28590078,0.060859547,199,126,2005,50824620
HOT TUB TIME MACHINE,0.801848557,0.030769231,16.63897436,0.050499081,90,100,2010,50287556
INVENTING THE ABBOTTS,0.390010133,0.089320388,8.967961165,0.025752703,167,110,1997,5936344
GABRIEL,0.32407805,0.175792507,9.788184438,0.084650977,180,85,2015,5917
HIGHLANDER,5.44395E-05,0.104925054,0.001070664,0,138,111,1986,5900000
ED WOOD,0.431329728,0.200652529,10.14926591,0.116215518,163,127,1994,5887457
THE BLING RING,0.315993326,0.01300813,8.622764228,0.123801747,131,90,2013,5845732
BEGINNERS,0.727599347,0.007075472,15.76179245,0.110509486,176,104,2011,5790894
ROCKNROLLA,0.426408647,0.189440994,11.10869565,0.070234017,162,114,2008,5700626
MONKEYBONE,0.291780718,0.084795322,11.22076023,0.102944679,137,88,2001,5411999
MARGIN CALL,0.46143617,0.016771488,9.457023061,0.016148136,75,109,2011,5354039
ALONE IN THE DARK,0.795840442,0.012048193,39.34136546,0.00681759,158,96,2005,5178569
BROKEN EMBRACES,0.841819365,0.025024062,32.36669875,0.05020479,155,105,2009,5014305
MOON,0.269944473,0.162616822,10.6317757,0.090765089,146,97,2009,5010163
MINI'S FIRST TIME,0.768968929,0.110798122,18.24225352,0.051278894,154,91,2006,49034
G.I. JANE,0.462471436,0.125295508,12.43971631,0.056075071,183,125,1997,48169156
THE KINGDOM,0.310552562,0.116367077,8.778618732,0.099922534,148,110,2007,47536778
HARD TO KILL,0.209850657,0.49009901,12.13861386,0.033395894,162,95,1990,47410827
THE DISTINGUISHED GENTLEMAN,0.519021739,0.131578947,12.39824561,0.153108505,144,112,1992,46666502
MARGARET,0.768559542,0.010590015,14.34644478,0.067210305,173,0,2011,46495
WALKING TALL,0.847576066,0.008474576,12.33474576,0.084042892,58,86,2004,46437717
THE BEST EXOTIC MARIGOLD HOTEL,0.815587086,0.015525114,18.11050228,0.12134773,205,118,2012,46412041
MOONRISE KINGDOM,0.882965759,0.016686532,26.76996424,-0.001818442,67,93,2012,45512466
HALL PASS,0.780577796,0.013719512,16.125,0.096202534,108,98,2011,45060734
THE DAMNED UNITED,0.445640126,0.108029197,14.08613139,0.083291142,131,97,2009,449865
THE DARK KNIGHT RISES,0.844681934,0.006259781,19.48122066,0.010341348,322,165,2012,448139099
THE REPLACEMENTS,0.362457652,0.128595601,14.66328257,0.085206939,86,118,2000,44737059
LOST IN TRANSLATION,0.809953413,0.103157895,23.05894737,0.06059756,117,102,2003,44585453
SPEED RACER,0.855340336,0.000860585,21.58519793,0.06995988,324,135,2008,43945766
YEAR ONE,0.793219651,0.246300211,20.65221987,0.077943921,51,100,2009,43337279
POINT BREAK,0.263063429,0.153488372,12.04341085,0.050909696,113,122,1991,43218387
SPANGLISH,0.364123439,0.27607362,10.70143149,0.138066594,186,111,2004,42726869
CASINO,0.492091837,0.055800883,10.84142914,0.075781958,444,178,1995,42512375
BIRDMAN,0.429450195,0.000910747,9.219489982,0.055633014,57,119,2014,42340598
DRAG ME TO HELL,0.864604577,0.013254786,22.47717231,0.051345254,73,99,2009,42100625
KILLING ZOE,0.287555906,0.152652005,7.069857697,0.082135548,102,96,1994,418961
THE BELIEVER,0.806054705,0.143915344,19.27195767,0.012025721,119,100,2002,416925
THE HILLS HAVE EYES,0.778963786,0.07827476,25.53035144,-0.001490249,115,105,2006,41778863
RONIN,0.278878478,0.317934783,10.5951087,0.049735736,91,120,1998,41616262
ORPHAN,0.840560666,0.029284165,27.05748373,-6.94521E-05,199,123,2009,41596251
FROZEN,0.257723112,0.12183908,4.142528736,0.139379858,60,108,2013,400738009
THE IDES OF MARCH,0.766251039,0.004439512,15.34628191,0.070234113,87,102,2011,40962534
MAX PAYNE,0.842763297,0.150501672,22.16833891,-0.007636384,73,100,2008,40689393
HANNA,0.667765999,0.004884005,20.76678877,0.019765566,204,111,2011,40259119
ENOUGH,0.77686679,0.108949416,22.85862516,0.067998376,129,111,2002,40007742
ANONYMOUS,0.3796403,0.243312102,13.84840764,0.13366144,178,130,2011,4463292
SPARTAN,0.241468126,0.464285714,8.640552995,0.045612909,64,107,2004,4434432
DEAR WHITE PEOPLE,0.471514654,0.034188034,11.03525641,0.065503306,92,100,2014,4404154
DETROIT ROCK CITY,0.868716229,0.131513648,28.92307692,0.010962273,105,95,1999,4217115
THIS BOY'S LIFE,0.39290941,0.196341463,13.09634146,0.081668551,150,114,1993,4104962
MAN TROUBLE,0.365743859,0.217438105,11.1065662,0.071110173,147,100,1992,4096030
CONAN THE BARBARIAN,0.884110725,0.014492754,30.27246377,0.015915058,82,129,1982,39565475
BURLESQUE,0.741622287,0.03957382,15.57914764,0.091202466,135,100,2010,39440655
PITCH BLACK,0.301774551,0.107142857,8.907738095,0.044043532,212,109,2000,39240659
FRACTURE,0.468644967,0.016853933,11.90674157,-0.047480178,134,113,2007,39015018
HESHER,0.731293205,0.019093079,21.58711217,-0.044886404,144,109,2011,382946
SURROGATES,0.645520424,0.043859649,19.98120301,0.017409248,176,89,2009,38577772
PRIDE AND PREJUDICE,0.841778091,0.043802423,20.06616962,0.112481981,127,126,2005,38405088
NINJA ASSASSIN,0.279039941,0.019287834,9.038575668,0.048965142,133,99,2009,38122883
SMASHED,0.48349094,0.318429662,9.980370774,0.051245795,75,85,2012,376597
ST. ELMO'S FIRE,0.784636364,0.009146341,17.54268293,0.073299345,140,110,1985,37803872
AUTUMN IN NEW YORK,0.847237361,0.116254037,21.75457481,0.074192163,151,104,2000,37761915
RED RIDING HOOD,0.866733146,0.024691358,30.04567901,-0.001872571,202,100,2011,37662162
INVICTUS,0.79228948,0.035758323,27.64611591,0.05697529,249,132,2009,37491364
THE BACK-UP PLAN,0.431568816,0.092365693,8.452403393,0.129568187,133,98,2010,37490007
PAUL,0.695671982,0.004470939,11.37853949,0.046565346,136,100,2011,37412945
THE ROOMMATE,0.86033469,0.022836538,22.86298077,0.057839491,196,93,2011,37300107
THE CHANGE-UP,0.816024627,0.037574722,16.29888984,0.060927708,92,101,2011,37081475
SPHERE,0.448996691,0.063197026,7.968773234,0.018411579,179,152,1998,37020277
DEADPOOL,0.310042097,0.230769231,11.42838196,0.049796599,100,106,2016,363070709
WIND CHILL,0.229109509,0.218947368,10.37263158,0.037523161,102,91,2007,36804
COLOMBIANA,0.85231393,0.00804829,21.99295775,0.038997401,278,107,2011,36665854
AMERICAN SNIPER,0.331320755,0.164948454,9.051546392,0.000726416,124,132,2014,350126372
IN THE BEDROOM,0.855269648,0.01659751,21.5840249,0.039234169,85,130,2001,35930604
SMOKIN' ACES,0.811975692,0.199279712,29.51380552,0.00315741,122,108,2007,35787686
CHANGELING,0.848126526,0.184952978,29.75444096,0.029356175,188,140,2008,35739802
LARRY CROWNE,0.798539519,0.016346154,16.0875,0.086791913,135,99,2011,35608245
THE AMERICAN,0.227057631,0.018651363,7.710186514,0.130392212,168,105,2010,35606376
HANNAH AND HER SISTERS,0.383288243,0.987341772,10.76015989,0.116976155,45,107,1986,35392203
FRANKENWEENIE,0.240535293,0.033264033,7.212058212,0.12331394,134,87,2012,35291068
COMMANDO,0.824274189,0.019298246,24.55614035,-0.000614145,158,90,1985,35100000
CREATION,0.336265085,0.056910569,10.69268293,0.111609223,155,108,2010,341323
EXCALIBUR,0.914507579,0.106382979,40.09165303,0.034109015,173,140,1981,34967437
JUDGE DREDD,0.689791912,0.050198151,23.20871863,0.015142414,72,96,1995,34693481
BABEL,0.738938216,0.017374517,19.36003861,-0.03059112,199,142,2006,34302837
THE READER,0.700527543,0,18.97009967,0.054012623,196,122,2008,34194407
THE ASSIGNMENT,0.87195325,0.080906149,31.06580367,0.036370576,194,119,1997,332597
DARKMAN,0.75097539,0.014111007,18.83160865,0.009094359,77,96,1990,33878502
ALL ABOUT STEVE,0.860808238,0.011363636,25.11994949,0.060295419,194,99,2009,33862903
CARRIE,0.20719652,0.26034713,6.296395194,0.10069176,85,98,1976,33800000
SUPER,0.725687792,0.029090909,17.21727273,-0.000356508,162,90,2011,327716
SHREK THE THIRD,0.840532452,0.02510917,20.54257642,0.077436084,88,92,2007,322719944
THE PIANIST,0.860497886,0.209492635,29.98363339,0.016525833,164,148,2002,32572577
THE MEN WHO STARE AT GOATS,0.470250717,0.055023923,13.52870813,-0.001778232,157,90,2009,32428195
ANALYZE THAT,0.457008974,0.241652021,9.084358524,0.113386062,125,100,2002,32130627
SHE'S OUT OF MY LEAGUE,0.847651775,0.017068273,20.06024096,0.080609258,83,104,2010,32010860
MILK,0.748319518,0.112440191,21.70574163,0.092534747,156,128,2008,31841299
LAKE PLACID,0.39998738,0.281954887,7.943609023,0.063280098,96,82,1999,31770414
SCOTT PILGRIM VS. THE WORLD,0.72820314,0.004179104,11.21432836,0.030538369,104,113,2010,31524275
THE DEBT,0.310305988,0.07177814,13.48287113,0.019007638,168,113,2011,31177548
STAR WARS,0.861500786,0.097536946,28.07389163,0.01907483,480,121,1977,307263857
CRAZY LOVE,0.823222348,0.084201389,15.1953125,0.063634071,118,91,2007,301027
DUNE,0.310178564,0.38658147,12.12619808,0.090297119,266,137,1984,30925690
GET ON UP,0.382614527,0.025555556,12.04555556,0.12940147,169,138,2014,30703100
MIRRORS,0.249145332,0.047531993,11.99085923,0.069346392,118,110,2008,30691439
THE BOONDOCK SAINTS,0.8636889,0.270676692,29.02882206,-0.011945948,143,110,2000,30471
SNATCH,0.426585212,0.003080082,10.39527721,0.00851065,125,103,2000,30328156
ASSASSINS,0.319428721,0.001135074,8.326901249,0.038661616,181,133,1995,30303072
WILD THINGS,0.363506744,0.206724782,11.74719801,0.01037638,142,108,1998,30147739
JAY AND SILENT BOB STRIKE BACK,0.833955669,0.175175175,21.01501502,-0.026938217,135,104,2001,30085147
THE IRON LADY,0.670546014,0.097101449,18.95507246,0.074620123,135,105,2011,30017992
SHAME,0.260529372,0.049608355,5.563968668,0.082013407,114,99,2011,3909002
BOUND,0.879376194,0,17.94155844,-0.002907385,173,107,1996,3802260
THE BROTHERS BLOOM,0.383828464,0.039492243,13.22990127,0.064473351,228,109,2009,3531756
CELESTE AND JESSE FOREVER,0.800825188,0.000912409,14.87591241,0.095149201,105,91,2012,3094813
SYNECDOCHE NEW YORK,0.739863653,0.030412744,14.93120927,0.041283779,204,124,2008,3083538
UP,0.827368663,0.053571429,19.81593407,0.0295155,181,96,2009,293004164
INCEPTION,0.382302893,0.059725585,8.703793382,0.060204565,285,148,2010,292576195
FREAKED,0.847374034,0.040332147,22.6227758,0.029301783,73,86,1993,29296
CHINATOWN,0.828757058,0.256745707,17.52248569,0.023459625,76,131,1974,29200000
PRIEST,0.816818145,0.03021978,27.89972527,0.034974714,134,87,2011,29136626
THE MECHANIC,0.819656585,0.030015798,38.23380727,0.040935335,244,100,2011,29121498
THE INSIDER,0.413666164,0.347554631,12.27783559,0.098755767,202,155,1999,29089912
THE BATTLE OF SHAKER HEIGHTS,0.864278257,0.078306878,16.64444444,0.051900488,99,85,2003,280351
CAPOTE,0.787685367,0.158301158,21.12355212,0.045557949,185,114,2005,28750530
WE OWN THE NIGHT,0.73417994,0.069979716,24.21602434,0.052219937,144,118,2007,28563179
THE HANGOVER,0.815612255,0.046357616,16.27057711,0.064993463,83,96,2009,277322503
BLADE RUNNER,0.902696316,0.004016064,28.63855422,0.037774297,128,117,1982,27580111
DALLAS BUYERS CLUB,0.416293684,0.089285714,12.64835165,0.030448595,155,117,2013,27298285
HIGH FIDELITY,0.869629405,0.063578565,20.86557675,0.063054381,101,114,2000,27287137
FLASH GORDON,0.702222458,0.021021021,19.87837838,0.059016664,149,111,1980,27107960
HONEYDRIPPER,0.458558391,0,10.00813008,0.080148993,79,123,2007,267880
THE OTHER BOLEYN GIRL,0.250613559,0.131742739,6.461618257,0.172260402,202,114,2008,26814957
GARDEN STATE,0.812224997,0.027777778,16.26190476,0.072457157,60,109,2004,26782316
MACHETE,0.784167484,0.019575856,19.55301794,0.007109739,155,105,2010,26593646
BOOGIE NIGHTS,0.368599979,0.017073171,6.545121951,0.091678782,144,152,1997,26400640
THE WRESTLER,0.755580508,0.07007007,16.83983984,0.037268414,138,105,2008,26238243
STAR TREK,0.344837014,0.119555144,10.51992586,0.093449951,264,126,2009,257730019
THE BLIND SIDE,0.751540427,0.056497175,18.83521657,0.045897022,194,126,2009,255959475
BATMAN,0.177259397,0.159489633,10.60446571,0.08660585,249,126,1989,251188924
SERENITY,0.825842908,0.083417085,22.0321608,0.032970563,181,119,2005,25514517
ESCAPE FROM L.A.,0.869254467,0.151273885,33.69745223,0.018981821,133,105,1996,25477365
EX MACHINA,0.323273332,0.023591088,8.661861075,0.093247695,141,110,2015,25442958
BOYHOOD,0.544258683,0.039721946,8.34061569,0.139566008,159,166,2014,25352281
CARS,0.736326068,0.023771791,14.40095087,0.099762338,112,116,2006,244082982
FRIGHT NIGHT,0.829795697,0.163913596,29.158831,-0.044862996,142,106,1985,24922237
LORD OF WAR,0.342672253,0.480851064,12.99432624,0.048540435,139,122,2005,24149632
TINKER TAILOR SOLDIER SPY,0.277539986,0.051775148,10.93491124,0.035775259,250,127,2011,24149393
BODY HEAT,0.334123698,0.206115515,11.33069083,0.030289475,192,113,1981,24058838
OBSERVE AND REPORT,0.859632537,0.023430178,19.60074977,0.072326054,94,106,2009,24007324
CAST AWAY,0.247219942,0.034134008,8.375474083,0.063690234,300,143,2000,233632142
THE LOSERS,0.750320772,0.030907278,15.74177468,0.032936244,130,98,2010,23591432
HOTEL RWANDA,0.816567092,0.047251688,19.50626808,0.060021438,196,110,2004,23530892
MONTE CARLO,0.7975927,0.050303556,17.81613183,0.069973926,150,109,2011,23186769
THE PROGRAM,0.849276891,0.174621653,26.25145518,0.015019946,167,227,1993,23032565
SIGNS,0.265010893,0.295025729,10.432247,0.054570749,82,107,2002,227966634
HANCOCK,0.802132214,0.175552666,25.34070221,0.002038859,184,92,2008,227946274
THE BOURNE ULTIMATUM,0.291162651,0.088809947,10.34635879,0.052062217,345,111,2007,227471070
WALL-E,0.751319225,0.221153846,26.01153846,0.022832613,71,97,2008,223808164
TWO FOR THE MONEY,0.748699719,0.086519115,20.12977867,0.075557178,145,122,2005,22991379
REVOLUTIONARY ROAD,0.827899794,0.06779661,20.44491525,0.054771544,118,119,2008,22911480
BELOVED,0.398026413,0.066892464,11.40728196,0.115025981,201,172,1998,22852487
THUNDERHEART,0.882550774,0.064858491,31.87382075,-0.001016026,95,119,1992,22660758
DARKNESS,0.862521045,0.147255689,32.23427041,0.024542952,145,102,2004,22163442
TED,0.776858912,0.046632124,18.73920553,0.053248891,228,106,2012,218815487
KING KONG,0.43399264,0.199485199,17,0.0417033,239,187,2005,218080025
HOW TO TRAIN YOUR DRAGON,0.771534599,0.039950062,22.06242197,0.013091807,69,98,2010,217581231
KUNG FU PANDA,0.813437662,0.097183099,17.71690141,0.050141477,61,91,2008,215434591
MUD,0.847482628,0.008348794,23.98423006,0.020050061,144,130,2013,21590086
THE NEXT THREE DAYS,0.220993219,0.131127451,7.149509804,0.068151134,354,122,2010,21148651
FANTASTIC MR. FOX,0.890378658,0.036144578,29.00301205,0.011689655,57,87,2009,21002919
SHERLOCK HOLMES,0.304594783,0.122961104,12.04391468,0.116715307,145,134,2009,209028679
CHAOS,0.432531998,0.150552486,12.64917127,0.072048109,164,109,2003,206789
THE KIDS ARE ALL RIGHT,0.425814307,0.11907387,7.711135612,0.110139353,107,106,2010,20811365
GAMER,0.204848296,0.180904523,8.832495812,0.034120701,157,95,2009,20534907
CODE OF SILENCE,0.861780105,0.251111111,34.74888889,-0.004790339,230,101,1985,20345361
MARTHA MARCY MAY MARLENE,0.80108592,0,14.16083009,0.057738261,106,120,2011,2990625
EXISTENZ,0.872549483,0.084450402,24.76005362,0.017962422,45,90,1999,2856712
THE POWER OF ONE,0.377113556,0.07957814,11.1409396,0.111795947,141,127,1992,2827107
HOW TO LOSE FRIENDS AND ALIENATE PEOPLE,0.790916375,0.049689441,19.41511387,0.055239497,117,110,2008,2778752
THE WAY BACK,0.741207088,0.008547009,27.58831909,0.009615521,194,119,2011,2701859
GINGER SNAPS,0.866678768,0.048177083,24.86848958,0.000441239,115,109,2001,2554
FROZEN RIVER,0.297570951,0.063758389,6.673378076,0.034994326,153,97,2008,2511476
IN THE LOOP,0.575050191,0.145334434,12.06275805,0.040718434,124,106,2009,2388804
SHALLOW GRAVE,0.860684941,0.014851485,19.5330033,0.025622098,193,94,1995,2079569
BRICK,0.809661437,0.129976581,20.66627635,0.013445612,123,110,2006,2075743
RUST AND BONE,0.856855499,0.001141553,20.90981735,0.021461687,141,120,2012,2062027
TWILIGHT,0.780194747,0.150326797,19.02723312,0.050431642,117,120,2008,192769854
NINE,0.318008676,0.134110787,5.84159378,0.148492717,146,110,2009,19676965
REMEMBER ME,0.32148001,0.056257176,7.431687715,0.093265215,129,128,2010,19068240
TAKING SIDES,0.881869908,0.148550725,24.70833333,0.076139188,62,109,2003,188952
INTERSTELLAR,0.876344237,0.04271632,34.18510405,0.036043698,247,169,2014,188020017
DANCES WITH WOLVES,0.905117445,0.051401869,51.73831776,0.044612801,275,183,1990,184208848
THE REVENANT,0.823677167,0.04109589,39.14481409,-0.016082424,147,151,2015,183637894
LINCOLN,0.816760225,0.043710021,23.8880597,0.020453361,102,145,2012,182207973
LIAR LIAR,0.774722624,0.147874307,13.35859519,0.087973973,81,86,1997,181410615
THOR,0.818686548,0.012345679,24.50617284,0.039137779,191,115,2011,181030624
ABOVE THE LAW,0.246739828,0.3152,11.08,0.049393827,185,99,1988,18869631
THE INVENTION OF LYING,0.844261931,0.040899796,19.44478528,0.083700526,72,100,2009,18451251
INTO THE WILD,0.285965684,0.18443804,13.11239193,0.087078122,256,140,2007,18354356
HAROLD AND KUMAR GO TO WHITE CASTLE,0.67314448,0.105616094,15.09807209,0.013495179,152,88,2004,18250550
INDIANA JONES AND THE TEMPLE OF DOOM,0.17699115,0.183544304,9.303797468,0.045581136,173,118,1984,179870271
RISE OF THE PLANET OF THE APES,0.742413581,0.025331725,20.36308806,0.011022456,235,110,2011,176760185
TRON LEGACY,0.32229031,0.013349515,8.169902913,0.091237917,135,125,2010,172062763
PUNCH-DRUNK LOVE,0.4757523,0.023809524,7.921325052,0.118484404,84,95,2002,17844216
THE RUINS,0.860542054,0.040955631,30.77588168,-0.003983926,75,97,2008,17432844
HUDSON HAWK,0.339750282,0.097709924,12.42137405,0.044959585,89,95,1991,17218080
THE HELP,0.831628485,0.003878976,19.7416602,0.036873502,193,137,2011,169708112
BRIDESMAIDS,0.807594027,0.004297994,14.48925501,0.086950896,103,125,2011,169106725
WILD HOGS,0.776674938,0.025565388,20.00491642,0.0762915,89,99,2007,168273550
CATCH ME IF YOU CAN,0.764771151,0.006815969,21.47614411,0.044391014,213,140,2002,164615351
THE PROPOSAL,0.819230611,0.063013699,18.22283105,0.082177262,102,108,2009,163958031
GO,0.277267264,0.108077361,8.135381115,0.071365249,180,98,1999,16943454
BRINGING OUT THE DEAD,0.47525119,0.12125163,11.71707953,0.038794121,74,121,1999,16797191
DEEP COVER,0.808604651,0.405275779,20.84532374,0.043012458,133,107,1992,16639799
THE MASTER,0.654084075,0.001469508,10.64364438,0.080610124,125,137,2012,16377274
YOUNG ADULT,0.205155635,0.11700468,9.274570983,0.110922372,151,94,2011,16311571
JENNIFER'S BODY,0.819520867,0.028968714,22.43568946,-0.000688005,101,102,2009,16204793
FRUITVALE STATION,0.398272696,0.063977747,11.15994437,0.070060266,114,90,2013,16101339
WHAT LIES BENEATH,0.32791172,0.153679654,6.785714286,0.103559968,126,130,2000,155464351
SNOW WHITE AND THE HUNTSMAN,0.811912108,0.020053476,28.84893048,0.021339667,142,127,2012,155332381
JERRY MAGUIRE,0.840304594,0.278044104,22.3240652,0.093855158,169,138,1996,153952592
LA LA LAND,0.265286367,0.115625,7.7078125,0.113343861,112,128,2016,151101803
AMERICAN HUSTLE,0.489946254,0.073619632,11.88420245,0.056284901,145,138,2013,150117807
YOUTH IN REVOLT,0.846668451,0.018501388,20.48843663,0.064940175,206,90,2010,15281286
DRIVE,0.81721017,0,28.47543582,0.03218702,160,99,1992,15084
THE BOX,0.804966419,0.007050529,21.40775558,0.02002091,212,116,2009,15051977
KNOCKED UP,0.776053729,0.013493976,9.689638554,0.114803774,162,129,2007,148768917
MEGAMIND,0.377151669,0.081987578,11.24099379,0.096868277,104,96,2010,148415853
GREMLINS,0.845890968,0.098765432,21.3909465,0.041403328,76,106,1984,148168459
GRAN TORINO,0.81957782,0.001715266,15.88336192,0.047197903,110,116,2008,148095302
I ROBOT,0.314376706,0.087022901,10.54961832,0.067223515,162,105,2004,144801023
JUNO,0.83598027,0.119019837,17.99649942,0.100565958,117,91,2007,143495265
SLUMDOG MILLIONAIRE,0.297568434,0.041709054,8.11698881,0.116464748,197,120,2008,141319928
SOLARIS,0.45794467,0.120481928,11.53413655,0.030271499,119,95,2002,14973382
GET CARTER,0.832170518,0.176638177,18.51994302,0.006439889,147,102,2000,14967182
LAST CHANCE HARVEY,0.785096184,0.335459184,16.08545918,0.048832313,132,99,2008,14889042
MUSIC OF THE HEART,0.81181253,0.145853194,19.4184938,0.068571658,156,123,1999,14859394
PROM NIGHT,0.80073251,0.058236273,21.4625624,0.007510262,98,94,1980,14796236
MY WEEK WITH MARILYN,0.696317393,0.000845309,17.77345731,0.113299633,168,99,2011,14600347
SOLDIER,0.173041059,0.219653179,10.90558767,0.053808226,231,99,1998,14594226
HELLRAISER,0.183112806,0.160572337,5.192368839,0.080309278,184,93,1987,14564027
BIG EYES,0.813117311,0.047244094,21.1136108,0.053359665,119,106,2014,14482031
SNOW FALLING ON CEDARS,0.43310952,0.003663004,12.52289377,0.058923723,110,127,1999,14417593
DARK CITY,0.185137282,0.10971223,9.010791367,0.027903223,118,103,1998,14378331
AMELIA,0.644845665,0.008028546,15.57983943,0.111922431,113,120,2009,14245415
DINER,0.776355608,0.046908316,16.68336887,0.077361785,53,110,1982,14099953
SISTER ACT,0.413220316,0.204651163,9.372093023,0.120502291,69,100,1992,139605150
GODZILLA,0.216378411,0.147308782,8.222379603,0.105926174,281,140,1998,136314294
ARGO,0.711229053,0.073684211,22.39342105,0.043358699,306,120,2012,136025503
THE KING'S SPEECH,0.520926999,0.097431355,9.954827281,0.07045,90,118,2010,135453143
WANTED,0.808580991,0.030612245,29.2303207,0.032433568,107,108,2008,134508551
THE DEPARTED,0.671196102,0.136513158,16.65460526,0.016781353,207,150,2006,132384315
SILVER LININGS PLAYBOOK,0.600420088,0.008193187,6.779646399,0.084882503,164,122,2012,132092958
AMERICAN GANGSTER,0.408355399,0.054567023,14.81850534,0.058347658,309,160,2007,130164645
JACKIE,0.511363983,0.063787375,11.13754153,0.069252577,100,95,2016,13960394
WARRIOR,0.788507747,0.008827238,24.00126103,0.024493145,168,139,2011,13657115
CASE 39,0.847863463,0.027811366,24.44860943,-0.022316142,160,109,2010,13261851
INTO THE WOODS,0.573744596,0.017048482,7.353223229,0.067156091,114,124,2014,128002372
THE CURIOUS CASE OF BENJAMIN BUTTON,0.323483122,0.174501992,10.97290837,0.117133115,305,168,2008,127509326
PROMETHEUS,0.876429933,0.031767956,30.47651934,-0.013722981,136,124,2012,126477084
THE TRUMAN SHOW,0.250694607,0.571637427,10.94883041,0.067865148,180,103,1998,125618201
ERIN BROCKOVICH,0.435273321,0.100281162,12,0.079699738,261,130,2000,125595205
OCEAN'S TWELVE,0.397407204,0.062944162,9.554314721,0.133597728,191,124,2004,125544280
LIFE OF PI,0.269872123,0.005076142,13.39086294,0.090486538,123,126,2012,124987023
SOMETHING'S GOTTA GIVE,0.430314544,0.224916388,9.848662207,0.171566982,68,128,2003,124728738
SUPERBAD,0.428883108,0.107142857,9.866795367,0.003543177,146,114,2007,121463226
APRIL FOOL'S DAY,0.79034965,0.101714286,19.37485714,0.029896899,157,88,1986,12947763
ANNA KARENINA,0.830119115,0.015992474,22.02822201,0.061999385,265,130,2012,12816367
RACHEL GETTING MARRIED,0.402796166,0.107540173,9.401730532,0.072672238,78,114,2008,12796841
BEASTS OF THE SOUTHERN WILD,0.855228376,0.023872679,36.90185676,0.022738363,123,91,2012,12795746
AN EDUCATION,0.469176555,0.125968992,10.19186047,0.101897891,121,95,2009,12574914
FOXCATCHER,0.765267701,0.039671683,22.79890561,0.090133278,148,134,2014,12096300
SUNSHINE CLEANING,0.324531363,0.030888031,6.951737452,0.113504219,179,102,2009,12062558
THE MASK,0.845700322,0.071500504,21.95669688,0.038719779,114,97,1994,119938730
TOTAL RECALL,0.806849315,0.45210728,30.46551724,0.048335211,139,113,1990,119394840
BASIC INSTINCT,0.825273767,0.375138735,18.90344062,0.010172734,138,123,1992,117727224
HORRIBLE BOSSES,0.760143143,0.037132988,14.12435233,0.03099248,121,100,2011,117538559
THE WOLF OF WALL STREET,0.485807453,0.086501901,14.86977186,0.040087831,200,180,2013,116900694
GHOST RIDER,0.818226212,0.071165644,26.72638037,-0.017664763,162,110,2007,115802596
WILD WILD WEST,0.28997125,0.323188406,12.42463768,0.099247421,196,107,1999,113804681
THE ADDAMS FAMILY,0.276693986,0.28113879,8.53024911,0.039663827,66,102,1991,113502426
THE PACIFIER,0.822208307,0.048837209,22.90232558,0.049408202,181,91,2005,113086868
IT'S COMPLICATED,0.437997672,0.309164149,9.472306143,0.147433253,80,118,2009,112735375
FACE/OFF,0.316429484,0.135211268,10.11549296,0.02027244,154,138,1997,112276146
TWINS,0.343572059,0.369020501,9.758542141,0.146150709,156,105,1988,111938388
ENEMY OF THE STATE,0.386666667,0.126079447,7.613126079,0.058375639,188,131,1998,111549836
TROPIC THUNDER,0.805887931,0.099401198,21.3748503,0.011047103,78,107,2008,110515313
THE GRUDGE,0.745866051,0.054726368,40.16915423,-0.011242828,116,96,2004,110359362
THE SHIPPING NEWS,0.331438566,0.006904488,11.33947066,0.101215569,89,111,2001,11434216
BOBBY,0.516586996,0.015015015,14.38738739,0.02374131,80,120,2006,11242801
JANE EYRE,0.883447881,0.003693444,22.78855032,0.063482809,139,121,2011,11242660
AFTER.LIFE,0.822342108,0.034606205,21.10023866,-0.019325694,196,97,2010,108595
WATCHMEN,0.776712866,0.014507772,22.59067358,0.010284448,185,163,2009,107509799
BLACK SWAN,0.837508643,0.012012012,23.64264264,0.026542594,113,103,2010,106954678
ANALYZE THIS,0.538288956,0.170120898,10.98100173,0.095573341,103,103,1999,106885658
RISE OF THE GUARDIANS,0.840089932,0.056420233,23.26264591,0.062058555,119,97,2012,103412758
SCREAM,0.347859362,0.078867543,7.812942366,0.011371018,104,110,1996,103046663
HENRY'S CRIME,0.763721022,0.030540329,12.07361002,0.095077588,162,108,2011,102541
EAGLE EYE,0.74253501,0.082013048,21.29822926,0.018372381,180,118,2008,101440743
COLLATERAL,0.306189273,0.196759259,9.957175926,0.043968658,170,125,2004,101005703
VANILLA SKY,0.851989989,0.159831756,18.2555205,0.094445787,109,135,2001,100618344
SHAKESPEARE IN LOVE,0.355780667,0.203302374,8.95252838,0.211212163,193,123,1998,100317794
BAD TEACHER,0.787743656,0.076262084,18.40494092,0.083226209,131,89,2011,100292856
SEVEN,0.303159814,0.138830898,11.10647182,0.040661894,201,127,1995,100125643
EXTRACT,0.822275956,0.059652928,17.70390456,0.04769924,84,90,2009,10823158
BELLE,0.426012638,0.161369193,11.45599022,0.128358496,123,105,2014,10726630
DRIVE ANGRY,0.846868752,0.010057471,22.51867816,-0.005125763,138,104,2011,10721033
PANDORUM,0.710672127,0.026973027,20.62937063,0.005219167,110,108,2009,10330853
WHITE SQUALL,0.394456668,0.105698529,10.21599265,0.085213072,145,129,1996,10292300
CHAOS,0.432531998,0.150552486,12.64917127,0.072048109,164,109,2005,10289
SOMEONE TO WATCH OVER ME,0.297170914,0.363013699,8.705479452,0.117842228,170,107,1987,10278549
WHITEOUT,0.828170821,0.025641026,30.8957265,-0.008857703,107,106,2009,10275638
WIN WIN,0.763728288,0,11.90093604,0.066937265,131,106,2011,10179275
THE GIRL WITH THE DRAGON TATTOO,0.342832187,0.072858287,10.05604484,0.066905713,351,152,2010,10095170
THE SURFER KING,0.673343179,0.382916053,21.48748159,0.098993403,41,95,2006,1990
MARGOT AT THE WEDDING,0.446660702,0.098933075,8.231813773,0.035090254,63,93,2007,1959420
TAKE SHELTER,0.851745301,0.033033033,26.67267267,0.032187815,122,120,2011,1730296
EVEN COWGIRLS GET THE BLUES,0.867084573,0.073333333,36.27111111,0.067610212,104,96,1994,1708873
THE WOODSMAN,0.566493861,0.099785408,11.13841202,0.008761122,125,87,2004,1576231
BEING HUMAN,0.281753287,0,10.942607,0.077499755,168,122,1994,1519366
HENRY FOOL,0.885213932,0.157084189,23.30184805,0.005093176,157,137,1998,1338335
THE WHISTLEBLOWER,0.340224787,0.00117096,10.59836066,0.051331429,263,112,2011,1124966
HEATHERS,0.414316169,0.091860465,11.75116279,0.082693783,86,102,1989,1108462
BLOOD AND WINE,0.78637257,0.063740857,18.81295716,0.02167955,214,101,1997,1094668
SUGAR,0.314730774,0.067669173,9.646616541,0.124523738,193,114,2009,1082124
KILL YOUR DARLINGS,0.282728525,0.047142857,7.034285714,0.097053423,166,104,2013,1030064
BARBARA,0.155945419,0.104700855,8.376068376,0.053400709,143,105,2012,1013902