Title,Dialogue Ratio,Parenthetical Ratio,Words per Line,Dialogue Sentiment,Number of Scenes
FEW GOOD MEN,0.7704877091583717,0.17005420054200543,14.631436314363144,0.04227724306078419,78
MOST VIOLENT YEAR,0.7644815077970158,0.007582139848357203,17.22240943555181,0.057348977493297836,128
SERIOUS MAN,0.8117162556105687,0.007067137809187279,20.661955241460543,0.03807722522138581,0
ABOVE THE LAW,0.24673982754934798,0.3152,11.08,0.04939382665945165,185
GIRL STUDENT,0.22230000388908333,0.5106382978723404,11.056092843326885,0.04604829760186904,326
THE ABYSS,0.2376654441077978,0.03765690376569038,10.393305439330543,0.07606563076462737,243
KAUFMAN,0.4773382933495293,0.14702308626974483,15.279465370595382,0.1387799506397827,202
THE ADDAMS FAMILY,0.2766939859171188,0.28113879003558717,8.530249110320284,0.03966382707610777,66
THE ADJUSTMENT BUREAU,0.8020382577749019,0.04837117472852912,19.577492596248767,0.05295309976761599,249
SHOOTING DRAFT,0.8462663822005486,0.1432258064516129,17.913548387096775,0.0070382971353468386,84
FINAL SHOOTING SCRIPT,0.38608642620665623,0.04674457429048414,7.398163606010017,0.1485814885567669,147
AFTER.LIFE,0.8223421077109107,0.034606205250596656,21.100238663484486,-0.019325693563423684,196
AGNES OF GOD,0.552552969781174,0.14105263157894737,8.372631578947368,0.04449679940575612,0
STRIKE FORCE LEADER,0.823339535943493,0.06666666666666667,22.584375,0.04683439654912347,338
AIRPLANE 2: THE SEQUEL,0.751033372492712,0.1841409691629956,15.207929515418503,0.043731995943789126,258
AIRPLANE,0.7425742574257426,0.12772133526850507,20.899854862119014,0.07340129250389073,335
ALI,0.7856333492366412,0.2948356807511737,24.738967136150233,0.026133686574862945,200
JOHN,0.004978335023508805,24.5,54.0,-0.2518518518518518,46
ALIEN,0.3342598720494154,0.20588235294117646,8.570135746606335,0.08653389359271715,0
FIRST DRAFT,0.8464582229288111,0.26720647773279355,32.333333333333336,-0.0195004319352146,191
ALL ABOUT STEVE,0.8608082381446868,0.011363636363636364,25.119949494949495,0.06029541907119226,194
ALL THE KING'S MEN,0.8426299137520045,0.18120237087214225,16.462320067739203,0.07926581025367833,0
BEGIN THE BREAK-IN SEQUENCE.,0.7056123263611688,0.3107454017424976,17.112294288480154,0.05087118593116225,0
ALONE IN THE DARK,0.7958404419530425,0.012048192771084338,39.34136546184739,0.006817589509650987,158
OLD SALIERI,0.8557283508614902,0.11447084233261338,22.025917926565874,0.0677975464483873,174
AMELIA,0.6448456653374686,0.008028545941123996,15.579839429081177,0.11192243141236864,113
THE AMERICAN,0.22705763055602501,0.018651362984218076,7.710186513629842,0.1303922123317505,168
JANE,0.3517531556802244,0.22470433639947437,9.886990801576873,0.0750279765995084,162
AMERICAN GANGSTER,0.40835539864666076,0.054567022538552785,14.818505338078293,0.05834765754063998,309
RADIO,0.887636761487965,0.08326105810928014,21.10928013876843,0.04710558410692118,0
DANNY,0.019356399709654006,0.11949685534591195,0.5031446540880503,-0.02377344877344878,142
AMERICAN HUSTLE,0.4899462535567499,0.0736196319018405,11.88420245398773,0.05628490124179778,145
AMERICAN MADNESS,0.7622830603764361,0.35174418604651164,18.13081395348837,0.07779126478044779,97
WHITE REVISION: 7/7/98,0.3883829566366253,0.16969050160085378,8.784418356456777,0.13401172989148538,210
SHEPHERD,0.0012086417887898473,14.4,2.1333333333333333,0.0,110
YOUNG ADULT,0.20515563530954517,0.11700468018720749,9.274570982839313,0.11092237198584629,151
AMERICAN SNIPER,0.33132075471698114,0.16494845360824742,9.051546391752577,0.0007264157353125311,124
PRODUCTION DRAFT,0.7821243005595524,0.13403614457831325,23.576807228915662,0.0592700022587533,135
TRUCK DRIVER,0.3997976310933873,0.1697459584295612,7.75635103926097,0.05180658675072086,102
THE AMITYVILLE ASYLUM,0.8794558291716893,0.0015267175572519084,23.39083969465649,0.004099530950105679,96
AMOUR,0.8200944313289821,0.08664259927797834,21.319494584837546,0.02744760306649556,60
AN EDUCATION,0.46917655455437596,0.12596899224806202,10.19186046511628,0.1018978914344084,121
ANALYZE THAT,0.4570089739622475,0.24165202108963094,9.084358523725834,0.11338606238846632,125
ANALYZE THIS,0.5382889556787877,0.17012089810017272,10.981001727115716,0.09557334116800147,103
TATIANA (O.C.),0.23000605524244258,0.2119309262166405,7.751962323390895,0.07332025484803265,111
DISSOLVE TO:,0.30497940304979404,0.06395939086294417,8.568527918781726,0.09319550898475823,114
ANGELS DEMONS,0.5878868997824995,0.056,20.078857142857142,0.01810323045277561,0
ANNA KARENINA,0.8301191151446398,0.01599247412982126,22.02822201317027,0.06199938505105622,265
ANONYMOUS,0.3796403003317618,0.24331210191082803,13.848407643312102,0.13366143998029592,178
SHOOTING DRAFT,0.7946846706212926,0.18120805369127516,22.777404921700224,0.04960758313631873,258
,0.3540753724802805,0.34615384615384615,9.944615384615384,0.05352320804589236,57
THE APARTMENT,0.4352387488969507,0.3465587044534413,10.782995951417004,0.1016849729603282,100
NIGHT,0.0,67.0,0.0,0.0,59
APRIL FOOL'S DAY,0.7903496503496503,0.10171428571428572,19.37485714285714,0.029896898591078677,157
PRODUCTION DRAFT #4A,0.4211301060519889,0.07238307349665925,14.017817371937639,0.07420461164727238,145
ARBITRAGE,0.7776111408677022,0.09421000981354269,14.247301275760549,0.03160767092299094,111
ARGO,0.7112290526139831,0.07368421052631578,22.393421052631577,0.04335869924893034,306
DISSOLVE TO:,0.021807440925087983,0.11764705882352941,20.41176470588235,-0.012581168831168816,90
ARSENIC AND OLD LACE,0.0023056550864620656,25.333333333333332,24.666666666666668,0.07943121693121692,0
ARTHUR,0.8011343176089305,0.044422507403751234,17.56959526159921,0.050998395914839775,132
THE ARTIST,0.002325581395348837,0.25,8.75,0.38095238095238093,120
ASSASSINS,0.3194287207175825,0.0011350737797956867,8.326901248581159,0.03866161616161617,181
THE ASSIGNMENT,0.8719532503709087,0.08090614886731391,31.065803667745417,0.03637057625315189,194
AUGUST: OSAGE COUNTY,0.531037695562716,0.03754512635379061,9.876534296028881,0.07355329778459979,82
BY,0.7639022415625158,0.21305841924398625,17.29324169530355,-0.019305168539736444,135
AUSTIN POWERS: THE SPY WHO SHAGGED ME,0.7869531162582523,0.19230769230769232,16.90625,-0.042193606881966154,110
AUTHORS ANONYMOUS,0.38780600461893766,0.0038910505836575876,10.889753566796369,0.1885315234608294,125
AUTUMN IN NEW YORK,0.8472373606103798,0.116254036598493,21.754574811625403,0.07419216280575995,151
AVATAR,0.7191610786132115,0.06675062972292191,31.741813602015114,0.036521718666534905,163
THE AVENGERS,0.7212725934407459,0.02544769085768143,16.623939679547597,0.011177743935096917,192
"OCTOBER 2, 1989",0.3083902347769152,0.17428924598269468,12.22620519159456,0.06135015180037143,222
BABEL,0.738938216114652,0.017374517374517374,19.36003861003861,-0.030591120156517528,199
THE BACHELOR PARTY,0.0,177.0,0.0,0.0,0
SHOOTING DRAFT (1984),0.8235320245180776,0.2384169884169884,17.896718146718147,0.10638376066705643,129
THE BACK-UP PLAN,0.43156881616939363,0.09236569274269557,8.452403393025447,0.1295681872690803,133
SHOOTING DRAFT,0.8581242423129202,0.18256410256410258,23.957948717948717,0.0015176543622177012,196
BAD BOYS,0.36073128352345696,0.17402269861286254,12.042875157629256,0.05194903091782339,276
BAD COUNTRY,0.7375708537060275,0.1971326164874552,20.365591397849464,-0.018690566243476297,215
BAD DAY AT BLACK ROCK,0.8121289979622575,0.5271411338962606,22.1145958986731,-0.03068321492038552,80
BAD DREAMS,0.33040371267813873,0.22993197278911565,10.945578231292517,0.0714875461464578,135
FIRST DRAFT,0.6728268761137879,0.16030534351145037,25.938931297709924,0.018909813270791803,0
CAMERA FOLLOWS THEM DOWNWARD TO REVEAL,0.8282564006727714,0.08746355685131195,19.38192419825073,0.0045896379079490976,123
BAD TEACHER,0.7877436557557925,0.07626208378088077,18.404940923737914,0.08322620925341762,131
BARTON FINK,0.006408172742047829,3.5,69.0,0.3333333333333333,0
BASIC INSTINCT,0.8252737668378719,0.3751387347391787,18.903440621531633,0.010172734012019687,138
FIRST DRAFT,0.5250877738767166,0.033739456419868794,11.073102155576382,0.0028390832689078223,137
VOICE,0.34953906370706084,0.15881561238223418,9.134589502018843,0.13223240682082152,89
BATMAN,0.1772593974940016,0.1594896331738437,10.604465709728867,0.08660585029006079,249
BATMAN,0.21123462186973085,0.1858974358974359,10.841346153846153,0.08821850540032354,210
BATTLE: LOS ANGELES,0.8093545908567038,0.02446043165467626,24.250359712230217,-0.00631217277913568,110
THE BATTLE OF SHAKER HEIGHTS,0.8642782570470905,0.07830687830687831,16.644444444444446,0.051900487756866,99
GARETH,0.23596808292982335,0.035653650254668934,11.748726655348047,0.1401405418793479,180
BEASTS OF THE SOUTHERN WILD,0.8552283764676953,0.023872679045092837,36.90185676392573,0.022738362981382695,123
BEGINNERS,0.7275993467610234,0.007075471698113208,15.76179245283019,0.11050948639272831,176
BEING HUMAN,0.28175328741390104,0.0,10.94260700389105,0.07749975475071268,168
THE BELIEVER,0.806054704788882,0.1439153439153439,19.271957671957672,0.012025721446635987,119
BELLE,0.42601263808701184,0.16136919315403422,11.4559902200489,0.1283584958034297,123
BELOVED,0.39802641297603925,0.06689246401354784,11.407281964436917,0.11502598114358249,201
THE BEST EXOTIC MARIGOLD HOTEL,0.8155870861608061,0.015525114155251141,18.110502283105024,0.1213477299122768,205
DISSOLVE TO:,0.00019752696243037176,39.25,0.625,0.0,157
BIG EYES,0.8131173106913879,0.047244094488188976,21.113610798650168,0.05335966472551853,119
EDWARD,0.8545793965254496,0.11138613861386139,27.761138613861387,0.06464677454039179,192
THE BIG WHITE,0.3855285234899329,0.15256257449344457,10.954707985697258,0.05213737432158484,157
BIRDMAN,0.42945019514678434,0.0009107468123861566,9.219489981785063,0.055633013693654386,57
JOHN,0.8819836785938481,0.043697478991596636,25.974789915966387,0.018003592898329784,179
VOICE,0.40641437164513255,0.07981220657276995,14.147417840375587,0.059680367618925104,269
BLACK RAIN,0.0016617429837518464,99.0,36.0,-0.2,110
BLACK SNAKE MOAN,0.8456471708594556,0.29171528588098017,24.868144690781797,0.02164054451802802,134
BLACK SWAN,0.8375086431572789,0.012012012012012012,23.64264264264264,0.026542594075878077,113
EMPLOYEE,0.8630268968285829,0.14982578397212543,37.45296167247387,-0.014423439289944127,140
BLADE RUNNER,0.9026963163002658,0.004016064257028112,28.63855421686747,0.037774297473947206,128
BLADE TRINITY,0.8391037049021194,0.15025041736227046,34.63439065108514,0.012985391294639877,180
BLADE,0.015888615888615888,105.0,388.0,-0.07294238683127573,110
HELEN,0.42289039767216297,0.11968503937007874,8.239370078740157,0.14751617197269393,195
THE BLIND SIDE,0.7515404268109408,0.05649717514124294,18.83521657250471,0.045897021776955975,194
THE BLING RING,0.3159933261828149,0.013008130081300813,8.622764227642277,0.12380174743057393,131
BLOOD AND WINE,0.7863725704302249,0.06374085684430512,18.812957157784744,0.021679549993503522,214
LANDSCAPES,0.848238747553816,0.06936416184971098,20.04393063583815,0.002787958439689595,43
BLUE VALENTINE,0.8045971901120398,0.002890173410404624,26.15173410404624,0.009445375806019594,147
SHOOTING DRAFT,0.7572654812998161,0.4780278670953912,13.237942122186496,0.05110016568990221,79
BODY HEAT,0.33412369756879506,0.20611551528878821,11.330690826727066,0.03028947450399061,192
CARDENAS,0.8440708298012621,0.11889596602972399,19.026539278131636,0.06500652191723626,84
FRANK,0.25410449910709143,0.17063081695966908,9.12306101344364,0.11237555760212006,224
FOLLOW WITH SHOTGUN,0.8654395872551071,0.05699481865284974,32.1580310880829,0.008637123943564409,164
BONFIRE OF THE VANITIES,0.5378382237452702,0.06972639011473963,13.298323036187114,0.05197396730253877,105
BONNIE,0.2860103967888399,0.6156914893617021,11.559840425531915,0.09371385116065964,164
BOOGIE NIGHTS,0.36859997939631195,0.01707317073170732,6.545121951219512,0.09167878239808502,144
THE BOOK OF ELI,0.8650461627236007,0.005018820577164366,30.095357590966124,0.017455510624352428,99
THE BOONDOCK SAINTS,0.8636889004884233,0.2706766917293233,29.028822055137844,-0.01194594787474451,143
ALL SAINTS DAY,0.8098889257294429,0.04264870931537598,21.931537598204265,0.002843484096890082,177
BOTTLE ROCKET,0.40157519318406976,0.11426188490408674,6.761467889908257,0.07728269553504666,95
BOUND,0.8793761935073202,0.0,17.941558441558442,-0.0029073853881051966,173
THE BOUNTY HUNTER,0.73603894584094,0.0456,12.5792,0.051214886964886956,0
PARIS DRAFT 9/20/00,0.6361414065438135,0.27366863905325445,20.01775147928994,0.017212684617732715,158
GREEN: 1/ 13/04,0.3418949771689498,0.24961715160796324,12.842266462480858,0.004802954296716281,311
THE BOURNE ULTIMATUM,0.29116265120463863,0.08880994671403197,10.346358792184725,0.052062217370291056,345
THE BOX,0.8049664192294097,0.007050528789659225,21.407755581668624,0.020020910040927823,212
BOYHOOD,0.5442586832555728,0.039721946375372394,8.340615690168818,0.13956600786766427,159
VOICE OVER,0.9076686329828161,0.028132992327365727,31.67902813299233,0.033578341393748386,116
INTERVIEWER,0.2652799627104819,0.3445287107258938,9.865655471289275,0.03288510706820566,141
P.,0.17352242352242353,0.425,116.85,0.03884445716138629,0
HOWARD,0.2439171699741156,0.2280130293159609,9.208469055374593,0.06075677338934914,154
BRIAN (VO),0.5752853380158033,0.09828009828009827,9.65970515970516,0.03808977893799325,43
MIME,0.7670753064798599,0.03229061553985873,17.679112008072654,0.034235923351212644,119
BRICK,0.8096614368290669,0.12997658079625293,20.666276346604217,0.013445612032078195,123
BRIDESMAIDS,0.8075940269903378,0.004297994269340974,14.489255014326648,0.08695089565925554,103
BRINGING OUT THE DEAD,0.475251189846642,0.121251629726206,11.717079530638852,0.03879412052152579,74
BROKEN ARROW,0.822135860306644,0.06966773847802786,16.55198285101822,0.019520309255663823,187
BROKEN EMBRACES,0.8418193651747271,0.025024061597690085,32.36669874879692,0.050204790099779045,155
THE BROTHERS BLOOM,0.38382846386774694,0.039492242595204514,13.229901269393512,0.0644733509743687,228
BRUCE,0.40129159182276963,0.17699115044247787,10.379424778761061,0.15001395868230064,137
KNIGHT,0.4992061789315598,0.16584887144259078,11.417075564278704,-0.01329044768278954,123
DISSOLVE TO:,0.6365033222591362,0.2507936507936508,16.21904761904762,0.06995578628353742,128
BURIED,0.8864487010127697,0.026854219948849106,20.59462915601023,0.0633643984658329,3
BURLESQUE,0.7416222874325255,0.0395738203957382,15.579147640791476,0.09120246604711946,135
BURN AFTER READING,0.354761563112833,0.023696682464454975,7.030331753554503,0.06696346993334408,149
BURNING ANNIE,0.8165666266506603,0.011976047904191617,14.546621043627031,0.057253980185894435,94
SHOOTING DRAFT,0.8534035791938451,0.14893617021276595,25.544430538172715,0.002800475583980728,182
CANDLE TO WATER,0.3090016868578439,0.15336134453781514,12.699579831932773,0.007109209241111053,120
CAPOTE,0.7876853673753419,0.1583011583011583,21.123552123552123,0.0455579485873603,185
CARRIE,0.20719652036378014,0.260347129506008,6.296395193591455,0.10069176003734835,85
CARS,0.7363260675796127,0.02377179080824089,14.400950871632329,0.09976233799870182,112
CASE 39,0.8478634629093806,0.02781136638452237,24.448609431680772,-0.022316141614984433,160
CASINO,0.49209183673469387,0.055800883179446,10.841429144921719,0.07578195796578072,444
CAST AWAY,0.2472199417867005,0.03413400758533502,8.375474083438686,0.06369023403446815,300
CATCH ME IF YOU CAN,0.7647711511789181,0.006815968841285297,21.4761441090555,0.04439101368500352,213
SECOND DRAFT POLISH,0.23473058427051385,0.12994350282485875,8.755649717514125,0.03691652653961809,158
CECIL B. DEMENTED,0.5152449770884737,0.03580901856763926,15.509283819628648,0.047442605235931384,0
CEDAR RAPIDS,0.8177268069677622,0.06954689146469968,21.864067439409904,0.07200383579454463,119
CELESTE AND JESSE FOREVER,0.8008251878775972,0.0009124087591240876,14.875912408759124,0.0951492014883691,105
WOMAN,0.30103202306875093,0.13003452243958574,9.130034522439585,0.04335035233386882,163
THE CHANGE-UP,0.8160246269613921,0.037574722459436376,16.298889837745516,0.06092770777638488,92
CHANGELING,0.8481265264788229,0.18495297805642633,29.75444096133751,0.029356175475926616,188
CHAOS,0.43253199829972133,0.1505524861878453,12.649171270718233,0.07204810915866194,164
CHARADE,0.7506624358009748,0.18651066758430832,15.792842395044735,0.03167912770443308,209
EARLY DRAFT,0.24193066985033898,0.13226744186046513,8.247093023255815,0.08268952065884587,146
CHERRY FALLS,0.27454057611502053,0.09523809523809523,7.595238095238095,0.009925381190625093,292
CHINATOWN,0.8287570577770903,0.25674570727718726,17.522485690923958,0.023459625151414774,76
CHRIST COMPLEX,0.4123414520270796,0.16184971098265896,7.657514450867052,0.07634601101512864,47
CHRONICLE,0.33359229334990675,0.08745247148288973,8.163498098859316,-0.011375423380631702,78
THE CHRONICLES OF NARNIA,0.810982795192081,0.03115727002967359,10.210682492581602,0.040360064771829504,0
THE CIDER HOUSE RULES,0.8305103509354589,0.1909892262487757,22.04309500489716,0.15300508309575545,189
THE CINCINNATI KID,0.8294204246087091,0.20468890892696123,19.30477908025248,0.10228088897908402,114
CIRQUE DU FREAK,0.8655353604961668,0.008394543546694649,21.087093389296957,-0.0031410091747380835,88
PROLOGUE,0.8378012684989429,0.4311624072547403,24.502061005770816,0.07742909918136119,100
CITY OF JOY,0.2796105647469,0.049531459170013385,11.380187416331994,0.15512916964373308,167
CLASH OF THE TITANS,0.808380763837334,0.06077981651376147,22.477064220183486,0.03191626779988845,145
CLIFFHANGER,0.8301324713190087,0.5195035460992907,46.44326241134752,0.009438912981539751,101
STUMP,0.40580168776371306,0.1857429718875502,11.587349397590362,0.08169745563078899,121
CODE OF SILENCE,0.8617801047120419,0.2511111111111111,34.74888888888889,-0.004790339365619127,230
SWIMMERS VOICE,0.8013187401680222,0.14744801512287334,22.628544423440452,0.012562912283095782,201
PRODUCTION DRAFT,0.189548090450537,0.07448494453248812,8.754358161648177,0.036292295036091576,191
COLLATERAL,0.30618927287610775,0.19675925925925927,9.957175925925926,0.04396865787435191,170
COLOMBIANA,0.8523139303676557,0.008048289738430584,21.992957746478872,0.038997401417421536,278
COLOR OF NIGHT,0.8903214285714286,0.0,19.660094637223974,0.07656323825868379,0
COMMANDO,0.8242741887992462,0.01929824561403509,24.556140350877193,-0.0006141445180570591,158
CONAN THE BARBARIAN,0.8841107254719377,0.014492753623188406,30.27246376811594,0.015915058149100696,82
PERFORMER,0.4166097198215219,0.13779128672745694,10.50050658561297,0.07633110755722222,213
JAKE,0.4632824640395266,0.07838983050847458,12.316737288135593,0.07959008535623928,143
EARLY PRODUCTION DRAFT,0.23338775510204082,0.09478021978021978,7.854395604395604,0.039499965008048164,156
THE COOLER,0.8580706328513866,0.1797945205479452,30.99486301369863,0.025168613534725544,95
CORALINE,0.7561438198619911,0.05658198614318707,21.637413394919168,0.01267779143435121,105
CORIOLANUS,0.8872099044391094,0.028151774785801713,23.06854345165239,0.04436545043173295,78
COWBOYS ALIENS,0.7286191897041377,0.053837342497136315,23.216494845360824,0.026128979620729995,108
DOUGLAS,0.27152534965034963,0.043227665706051875,7.161383285302594,0.06902616865804932,167
CRANK,0.5270419182791908,0.10883720930232559,11.122790697674418,-0.00799239512202473,26
SHOOTING DRAFT,0.9363147633957583,0.11206896551724138,68.3146551724138,0.005424140736535336,105
"CRAZY, STUPID, LOVE",0.7617047098912384,0.0297029702970297,14.687668766876687,0.06836730180686236,84
CRAZY LOVE,0.8232223476297968,0.0842013888888889,15.1953125,0.06363407140005133,118
CREATION,0.33626508488443446,0.056910569105691054,10.692682926829269,0.11160922289478097,155
CRIME SPREE,0.4584786879987169,0.0866601752677702,11.133398247322297,-0.038070542497625856,211
THE CROODS,0.8014992155267593,0.02531645569620253,15.872266973532795,0.06899825858443183,23
CROUPIER,0.711919299177064,0.15460122699386503,16.452760736196318,0.031959742775903355,153
THE CROW: CITY OF ANGELS,0.8395522388059702,0.056179775280898875,27.808988764044944,-0.021389580132938246,116
OVER BLACKNESS.,0.7109046364350761,0.08732876712328767,26.333904109589042,-0.017427861561798,124
CRUEL INVENTIONS,0.5126582278481012,0.08298755186721991,9.66286307053942,0.06250882461301731,106
JODY,0.36624983885522755,0.0026595744680851063,5.037234042553192,0.011634343930788882,105
THE CURIOUS CASE OF BENJAMIN BUTTON,0.3234831223133119,0.1745019920318725,10.972908366533865,0.11713311474428079,305
CUSTODY,0.786974845252206,0.003205128205128205,12.768162393162394,0.07893499994348561,187
DALLAS BUYERS CLUB,0.41629368416293683,0.08928571428571429,12.648351648351648,0.030448594879925395,155
THE DAMNED UNITED,0.445640125623499,0.10802919708029197,14.086131386861314,0.08329114179905903,131
DANCES WITH WOLVES,0.9051174450923756,0.0514018691588785,51.73831775700935,0.044612800518542786,275
DARK CITY,0.18513728243597796,0.10971223021582734,9.010791366906474,0.02790322317547141,118
THE DARK KNIGHT RISES,0.8446819338422392,0.006259780907668232,19.481220657276996,0.010341348059548417,322
DARK STAR: SCIENCE FICTION ADVENTURE,0.545322063538327,0.1348314606741573,10.51123595505618,0.07623692279942282,0
DARKMAN,0.7509753901560624,0.014111006585136407,18.831608654750706,0.009094359148850577,77
DATE NIGHT,0.7878704214982514,0.02888086642599278,15.453068592057761,0.03144476382084569,67
DAVE BARRY'S COMPLETE GUIDE TO GUYS,0.7640638575152042,0.117797695262484,18.01664532650448,0.07905292601455398,115
DISSOLVE TO:,0.0030137292108494253,13.043478260869565,4.695652173913044,0.10430839002267575,66
NIGHT,0.789578289307267,0.5889781859931114,25.086107921928818,0.0643881317224988,142
DEADPOOL,0.31004209693088186,0.23076923076923078,11.428381962864721,0.04979659876844183,100
DEAR WHITE PEOPLE,0.47151465351958366,0.03418803418803419,11.03525641025641,0.0655033060314751,92
DEATH AT FUNERAL,0.7939399750695177,0.014925373134328358,15.447761194029852,0.02828188632627678,161
RANDOLPH,0.4371682861108843,0.11054637865311309,13.606099110546378,0.08326523065526409,116
THE DEBT,0.3103059883611789,0.07177814029363784,13.482871125611746,0.019007637546306643,168
DECEPTION,0.7999641962047978,0.07052896725440806,28.139798488664987,0.03473274992711803,184
DEEP COVER,0.8086046511627907,0.4052757793764988,20.845323741007196,0.04301245752455428,133
OPEN TO:,0.8090585765094057,0.08244274809160305,28.825954198473283,0.007662599735730123,0
DEFIANCE,0.722291357231745,0.07911683532658693,16.552897884084636,0.008208510848778041,6
THE DEPARTED,0.6711961024757234,0.13651315789473684,16.654605263157894,0.01678135262852578,207
THE DESCENDANTS,0.5290546400693842,0.06707317073170732,13.018292682926829,0.07731136602976854,120
DESPICABLE ME,0.2496220710506425,0.15702479338842976,7.2782369146005506,0.1386202395577397,0
DETROIT ROCK CITY,0.8687162288056642,0.1315136476426799,28.923076923076923,0.010962273036633528,105
THE DEVIL'S ADVOCATE,0.4597757932737982,0.2518796992481203,11.371240601503759,0.08483057708361665,231
DEVIL IN BLUE DRESS,0.4009097075370067,0.13616557734204793,10.94553376906318,0.08187948609411816,101
DIE HARD,0.7067318891218263,0.099601593625498,24.175298804780876,0.01747376607688854,118
SECOND REVISED DRAFT,0.7674950224909668,0.4462934947049924,31.491679273827533,0.038703546453546366,114
DINER,0.7763556084734832,0.046908315565031986,16.683368869936036,0.07736178524057309,53
THE DISTINGUISHED GENTLEMAN,0.5190217391304348,0.13157894736842105,12.398245614035087,0.15310850541863155,144
DISTURBIA,0.23593674776876644,0.25554106910039115,8.30638852672751,0.07029708372249802,121
DJANGO UNCHAINED,0.8591237533075514,0.01694915254237288,28.616101694915255,0.051607310990872665,0
DISSOLVE TO:,0.006683273588917917,2.6666666666666665,36.666666666666664,0.05936147186147183,0
"SOUND TRACK COMES FROM THOUSAND TRANSISTOR RADIOS, TV SETS,",0.8380043445746234,0.1310344827586207,20.286206896551725,0.03332070426389378,70
LOKI,0.005001875703388771,0.009009009009009009,0.13104013104013104,0.12904761904761905,1
REVISED DRAFT,0.49824103719514606,0.07232968881412952,10.6013456686291,-0.041334110998781703,114
SHOOTING DRAFT,0.7857049454716636,0.3143309580364212,23.78701504354711,0.047252731265314464,131
CHARACTERS,0.8883280548957508,0.013877551020408163,21.981224489795917,0.02557427703359772,47
DRAG ME TO HELL,0.8646045773849989,0.013254786450662739,22.477172312223857,0.051345253937408915,73
SHOOTING DRAFT,0.916751372230128,0.1251840942562592,26.56553755522828,0.029830963736859357,0
DRIVE ANGRY,0.8468687523639704,0.010057471264367816,22.51867816091954,-0.005125762830025692,138
DRIVE,0.8172101696456997,0.0,28.47543581616482,0.03218701990695665,160
BEN,0.4305012646585422,0.29068825910931173,12.127935222672065,0.05913293401427056,161
MRS. TEASDALE,0.816013285692718,0.13427561837455831,28.648409893992934,0.08397792360858902,0
LLOYD,0.3936910928080156,0.15367965367965367,10.035714285714286,0.103337600240174,140
DUNE,0.3101785641319005,0.3865814696485623,12.126198083067093,0.09029711948845137,266
FOR OFFICIAL USE ONLY,0.0014336917562724014,0.0,6.5,0.0,0
EAGLE EYE,0.7425350099099978,0.08201304753028892,21.298229263746506,0.0183723807884881,180
EASTERN PROMISES,0.2891225589820624,0.0962566844919786,8.748663101604278,0.01668667586307774,104
"EASY ""A""",0.8078002244668911,0.0011123470522803114,19.2146829810901,0.05472813238770686,107
CUT TO:,0.0004420511171837325,31.714285714285715,1.5714285714285714,0.0,221
ED WOOD,0.4313297282307266,0.200652528548124,10.149265905383361,0.1162155176183391,163
SELF-HELP TAPE,0.2587828859952166,0.044444444444444446,7.213333333333333,0.05370420110525655,194
THE ELEPHANT MAN,0.8910108367383194,0.1270611057225994,29.188166828322018,0.05728899665269176,0
ELIZABETH: THE GOLDEN AGE,0.38437938288920054,0.04004711425206125,10.32979976442874,0.10793315592773033,147
ENEMY OF THE STATE,0.38666666666666666,0.12607944732297063,7.613126079447323,0.058375638595523874,188
ENOUGH,0.776866790090805,0.10894941634241245,22.858625162127108,0.06799837614354906,129
ENTRAPMENT,0.24570924631978835,0.005249343832020997,9.506561679790027,0.08025754072067014,86
ERIN BROCKOVICH,0.43527332064182755,0.10028116213683223,12.0,0.07969973758077395,261
ESCAPE FROM L.A.,0.8692544670363525,0.15127388535031847,33.697452229299365,0.018981820938854487,133
EVEN COWGIRLS GET THE BLUES,0.8670845728856779,0.07333333333333333,36.27111111111111,0.06761021211273098,104
SHOOTING DRAFT,0.7432969442287489,0.2039045553145336,17.649674620390456,-0.0016562045773531582,316
EVIL DEAD II,0.0782073067119796,0.020833333333333332,7.670833333333333,-0.009329275569877078,236
BOOK OF THE DEAD,0.22678895907242363,0.0,8.45483870967742,0.1010556714442725,0
EX MACHINA,0.32327333202895714,0.023591087811271297,8.661861074705111,0.09324769540910555,141
EXCALIBUR,0.9145075785858284,0.10638297872340426,40.09165302782324,0.034109015083041,173
EXISTENZ,0.8725494827341868,0.08445040214477212,24.760053619302948,0.017962421773816767,45
EXTRACT,0.8222759558712407,0.0596529284164859,17.703904555314534,0.04769923972918669,84
FACE/OFF,0.31642948407278493,0.1352112676056338,10.11549295774648,0.020272439534575477,154
FAIR GAME,0.7892775472177522,0.014874141876430207,21.324942791762012,0.042818651421604785,149
FANTASTIC FOUR,0.8226475849731664,0.07532751091703056,25.101528384279476,0.03207171750361104,172
FANTASTIC MR. FOX,0.890378658282861,0.03614457831325301,29.003012048192772,0.011689655492734048,57
FARGO,0.004434196523589925,6.0,75.0,-0.4,22
SHOOTING DRAFT,0.8446842067531722,0.16184351554126475,25.257234726688104,0.016680666271821496,169
THE FAULT IN OUR STARS,0.8143575674439872,0.043407043407043405,16.045045045045047,0.07136286898310787,1
FEAR LOATHING IN LAS VEGAS,0.5056024226692624,0.15443037974683543,14.79367088607595,0.021850132814094533,109
FEAST,0.8257057192962607,0.05144694533762058,15.644158628081458,0.0012778668767526565,103
FATHER'S VOICE (TOM),0.4131515228749841,0.08879492600422834,10.281183932346723,0.07239698685465071,261
FIELD OF DREAMS,0.8247356753069577,0.022482893450635387,18.91006842619746,0.06065408679214649,48
JACK,0.4094394453975701,0.07621247113163972,9.00230946882217,0.05856280724924792,240
THE FIGHTER,0.7145192563585903,0.1676300578034682,21.727167630057803,0.004762876497000725,22
FINAL DESTINATION,0.3033365754641181,0.11981566820276497,11.018433179723502,0.02791572196355594,101
BARBARA,0.15594541910331383,0.1047008547008547,8.376068376068377,0.05340070850613025,143
FLASH GORDON,0.7022224579642498,0.021021021021021023,19.87837837837838,0.05901666444465349,149
FLIGHT,0.698186449930248,0.06696428571428571,20.555357142857144,0.06029699776664771,131
THE FLINTSTONES,0.3176624836111631,0.36342592592592593,11.777777777777779,0.1357193714144934,32
FORREST,0.8304111594928905,0.03693444136657433,19.898430286241922,0.05293182644172373,192
VOICE-OVER,0.8731473585901652,0.1782477341389728,21.654582074521652,0.054593561672924465,37
FOXCATCHER,0.7652677013499862,0.03967168262653899,22.79890560875513,0.09013327821619593,148
FRACTURE,0.4686449672740138,0.016853932584269662,11.906741573033708,-0.047480177634419266,134
FRANCES,0.8283592953850634,0.24913793103448276,19.620689655172413,0.06099607308475142,144
FRANKENSTEIN,0.8435521492835721,0.13731656184486374,26.535639412997902,0.01761666854210483,0
FRANKENWEENIE,0.24053529330189988,0.033264033264033266,7.212058212058212,0.12331394039486519,134
FREAKED,0.8473740335910424,0.04033214709371293,22.622775800711743,0.029301783399243955,73
THE FRENCH CONNECTION,0.27209214501510576,0.12142857142857143,10.292857142857143,0.06720773509691716,184
BUTCH'S VOICE,0.783823893148652,0.16793066088840736,24.033586132177682,0.023897009609408586,210
SLOW DISSOLVE TO:,0.00168,69.0,42.0,0.2,196
CAMP CRYSTAL LAKE,0.6651448540187127,0.1870824053452116,26.28285077951002,0.04213301623331865,135
FRIGHT NIGHT,0.8297956969806545,0.1639135959339263,29.158831003811944,-0.044862995758362695,142
FRIGHT NIGHT,0.7782356246488107,0.024572649572649572,17.756410256410255,-0.010150416215701579,110
FROM DUSK TILL DAWN,0.0009338653535953816,84.0,22.0,0.15625,33
FROM HERE TO ETERNITY,0.8298075090527921,0.06367292225201072,20.427613941018766,0.055523728299095486,107
FROZEN,0.25772311212814647,0.12183908045977011,4.142528735632184,0.1393798580337042,60
FROZEN RIVER,0.2975709511696344,0.06375838926174497,6.67337807606264,0.034994326145877455,153
FROZEN,0.3469870648858976,0.08095676172953081,6.070837166513339,0.040259335801831365,99
FRUITVALE STATION,0.39827269568670276,0.06397774687065369,11.159944367176633,0.07006026592455149,114
FUNNY PEOPLE,0.8591832261835184,0.03201347935973041,19.815501263689974,0.06535870805977027,167
G.I. JANE,0.4624714361047636,0.12529550827423167,12.439716312056738,0.05607507121305829,183
G.I. JOE: THE RISE OF COBRA,0.8159518323050621,0.0585480093676815,25.707259953161593,0.041018488563380195,198
REVISED,0.25146198830409355,0.10387984981226533,10.171464330413016,0.017301522142682376,0
GAME,0.7485166014392122,0.03633916554508748,15.959623149394348,0.047012172527548406,112
GAMER,0.20484829649197778,0.18090452261306533,8.83249581239531,0.034120701032788914,157
GANDHI,0.8830697895612888,0.28633217993079585,38.55103806228374,0.027306995486232534,0
SHOOTING DRAFT,0.8385241186621744,0.06182795698924731,18.28673835125448,0.011667274035174865,153
GARDEN STATE,0.8122249970269949,0.027777777777777776,16.261904761904763,0.07245715733742797,60
,0.2804276625381169,0.5118483412322274,11.76777251184834,0.05797336721249765,159
GET CARTER,0.8321705178262818,0.17663817663817663,18.51994301994302,0.006439888605820239,147
GET LOW,0.85006105006105,0.04230769230769231,22.314102564102566,0.06377524795963803,133
GET ON UP,0.3826145267170184,0.025555555555555557,12.045555555555556,0.12940146957770968,169
CHAIRMAN,0.1799859933079138,0.2948717948717949,7.413461538461538,0.1671164541164542,180
GHOST RIDER,0.8182262123887156,0.07116564417177915,26.72638036809816,-0.01766476322709831,162
DANIEL CLOWES,0.8102832244008714,0.1472,14.8768,0.04020915792182351,109
SHOOTING DRAFT,0.8650654689403167,0.2123629112662014,22.65902293120638,0.03131635413113512,100
WIPE TO:,0.0,125.5,0.0,0.0,155
THE REAL GHOSTBUSTERS,0.003975014196479273,71.0,28.0,0.0,58
GINGER SNAPS,0.8666787675273404,0.048177083333333336,24.868489583333332,0.0004412394847617372,115
THE GIRL WITH THE DRAGON TATTOO,0.3428321869199694,0.07285828662930344,10.056044835868695,0.0669057129680687,351
GLENGARRY GLEN ROSS,0.7664622767262064,0.21021021021021022,11.511511511511511,-0.03822844399253892,0
GO,0.2772672637741848,0.1080773606370876,8.1353811149033,0.07136524862124169,180
THE GODFATHER PART III,0.8209843366093366,0.00821917808219178,19.529680365296805,0.04019485542482565,70
SHOOTING DRAFT,0.44269565217391305,0.06293706293706294,10.171828171828173,0.12336993429704077,119
GODZILLA,0.21637841061577456,0.14730878186968838,8.222379603399434,0.10592617387756266,281
THE GOOD GIRL,0.8276241742109126,0.022375215146299483,11.643717728055078,0.045611500606520514,0
CHUCKIE,0.8529837475704065,0.10205761316872428,16.9761316872428,0.06485216650994922,126
REVISED SECOND DRAFT,0.3346228239845261,0.12340425531914893,12.26950354609929,0.05673151743282561,160
GRAN TORINO,0.8195778200646103,0.0017152658662092624,15.88336192109777,0.047197903373492195,110
GRAND HOTEL,0.80798939795532,0.35069984447900465,16.593312597200622,0.07306304664653378,1
GRAND THEFT PARSONS,0.836246316431257,0.015701668302257114,16.152109911678117,0.056211079615799846,148
WAITRESS,0.8078611973867409,0.4305150631681244,21.99125364431487,0.052354873491492704,0
GRAVITY,0.8115812029700503,0.011614401858304297,18.91521486643438,0.04541696482506147,0
WHISPERING VOICE,0.8476894881528996,0.07957813998082454,24.834132310642378,-0.05436915357369913,106
GREMLINS,0.7323437318798562,0.053204353083434096,22.908101571946794,0.04078188985566675,124
GREMLINS,0.8458909682668836,0.09876543209876543,21.390946502057613,0.04140332816958463,76
CALLER,0.3380337201664112,0.24659231722428748,9.565055762081784,0.13622390163669235,153
GROUNDHOG DAY,0.8266789947045473,0.09865900383141762,18.840996168582375,0.07566405988148674,139
THE GRUDGE,0.7458660508083141,0.05472636815920398,40.169154228855724,-0.011242827669428123,116
HACKERS,0.8252305113160101,0.12467191601049869,15.503937007874017,0.05981029403718976,112
HALL PASS,0.7805777958159613,0.013719512195121951,16.125,0.09620253423378415,108
HANCOCK,0.8021322137153206,0.1755526657997399,25.3407022106632,0.0020388585167759096,184
THE HANGOVER,0.8156122545764962,0.046357615894039736,16.27057710501419,0.0649934632209856,83
HANNA,0.6677659992147624,0.004884004884004884,20.766788766788768,0.019765566351023573,204
HANNAH AND HER SISTERS,0.38328824339076367,0.9873417721518988,10.760159893404397,0.116976155336328,45
HANNIBAL,0.3077091204296375,0.0,9.167441860465116,0.10067313687087211,5
"HAPPY BIRTHDAY, WANDA JUNE",0.7311200470772852,0.2448,11.9272,0.10181000167176366,0
HAPPY FEET,0.29795134443021765,0.1021021021021021,6.987987987987988,0.13536975071413848,0
SHOOTING DRAFT,0.8267898383371824,0.08434959349593496,14.916666666666666,0.05013503160645272,118
HARD TO KILL,0.20985065685309598,0.4900990099009901,12.138613861386139,0.033395894495032406,162
HAROLD AND KUMAR GO TO WHITE CASTLE,0.6731444801554676,0.10561609388097234,15.098072087175188,0.013495178989308194,152
THE HAUNTING OF HILL HOUSE,0.2384260805665041,0.12609457092819615,12.500875656742556,0.08201095461658837,179
HE'S JUST NOT THAT INTO YOU,0.8064008611766654,0.018485915492957746,17.14524647887324,0.10330711107399189,118
HEAT,0.29928772569156864,0.5044955044955045,9.024975024975024,0.04585821197291316,243
HEATHERS,0.41431616923581505,0.09186046511627907,11.751162790697675,0.082693783489238,86
AUSTIN,0.2052923076923077,0.23697916666666666,8.6875,0.1008722592430458,8
THE HEBREW HAMMER,0.8476639000279772,0.0014534883720930232,26.42296511627907,0.048715919437568964,62
GENE HACKMAN,0.2879045996592845,0.0,7.313996316758748,0.07104658833230262,13
HELLRAISER II HELLBOUND,0.097841833512871,0.04522613065326633,6.618090452261306,-0.005742869492869502,99
HELLBOY 2: THE GOLDEN ARMY,0.7987300197065907,0.06263498920086392,19.69654427645788,0.03776149683251545,128
PRODUCTION DRAFT,0.8091437186820983,0.20538243626062322,25.845609065155806,0.018023028833278134,227
HELLRAISER III: HELL ON EARTH,0.8512559220523822,0.06969205834683954,30.86871961102107,0.03284960297361388,58
HELLRAISER: DEADER,0.25582151986985824,0.10897435897435898,11.760683760683762,0.03952057159430434,58
HELLRAISER: HELLSEEKER,0.3514862822333165,0.10917721518987342,12.14240506329114,0.057038882834337355,111
HELLRAISER,0.18311280556178516,0.16057233704292528,5.192368839427663,0.08030927760398568,184
THE HELP,0.8316284845909997,0.003878975950349108,19.74166020170675,0.036873501845561395,193
HENRY'S CRIME,0.7637210223895383,0.030540328895849646,12.073610023492561,0.09507758848768615,162
HENRY FOOL,0.8852139319006201,0.1570841889117043,23.301848049281315,0.0050931761196359995,157
HER,0.5173699805864923,0.24465811965811965,10.819444444444445,0.1517554970649629,87
HESHER,0.7312932045114605,0.01909307875894988,21.58711217183771,-0.04488640422247845,144
HIGH FIDELITY,0.8696294053071886,0.06357856494096276,20.865576748410536,0.06305438091199597,101
HIGHLANDER,5.443954488540476e-05,0.10492505353319058,0.0010706638115631692,0.0,138
THE HILLS HAVE EYES,0.7789637861285763,0.07827476038338659,25.53035143769968,-0.001490248690474929,115
SHOOTING DRAFT,0.7540786225994822,0.37286380113930606,12.973588814085966,0.08407049947729431,89
HITCHCOCK,0.777617512302732,0.02447980416156671,22.43574051407589,0.0701005771002294,144
HITCHHIKER'S GUIDE TO THE GALAXY,0.7144316529802366,0.06694129763130793,18.726055612770338,0.07597289266606642,84
HONEYDRIPPER,0.45855839076178057,0.0,10.008130081300813,0.08014899315188749,79
HORRIBLE BOSSES,0.7601431426314077,0.037132987910189985,14.124352331606218,0.030992480423183567,121
THE HOSPITAL,0.8487354586321677,0.3262411347517731,29.235224586288417,0.013609938448648131,0
MALIK'S VOICE,0.33416589453329576,0.10465116279069768,8.768498942917548,0.023109496813200524,155
HOT TUB TIME MACHINE,0.8018485567417952,0.03076923076923077,16.63897435897436,0.05049908097620745,90
HOTEL RWANDA,0.8165670918779266,0.04725168756027001,19.506268081002894,0.06002143840580576,196
GIRL,0.8169587873045949,0.24715261958997722,19.64236902050114,-0.011504331980672668,129
HOW TO LOSE FRIENDS AND ALIENATE PEOPLE,0.7909163749841859,0.049689440993788817,19.41511387163561,0.055239497169497206,117
HOW TO TRAIN YOUR DRAGON,0.7919362400375058,0.022427440633245383,22.28496042216359,0.05931755224088828,39
HOW TO TRAIN YOUR DRAGON,0.7715345994324383,0.039950062421972535,22.06242197253433,0.013091806657928506,69
HUDSON HAWK,0.33975028187246836,0.09770992366412214,12.421374045801526,0.04495958485958488,89
BLACK,0.8128009267639286,0.04878048780487805,18.88309503784693,0.050865252802752906,23
FIRST DRAFT,0.8247910728950292,0.2914572864321608,21.449748743718594,0.082072775570718,153
THE HUNT FOR RED OCTOBER,0.8075150655795817,0.011669658886894075,16.359066427289047,0.009350596713691964,0
SHOOTING DRAFT,0.815438211923122,0.27206551410373064,18.955414012738853,0.09613756845006834,110
"I, ROBOT",0.3143767060964513,0.08702290076335878,10.549618320610687,0.06722351520866378,162
AM NUMBER,0.8343976904907707,0.006578947368421052,25.1,-0.012851515045716798,184
SHOOTING DRAFT,0.8344949942973007,0.09223300970873786,19.179611650485437,0.0757447762417843,142
DOCTOR,0.3628516889368412,0.10593713620488941,10.179278230500582,0.11258383714874468,204
SPIT ON YOUR GRAVE,0.8103549626950034,0.02746566791510612,22.373283395755305,-0.0032080092292744093,116
THE IDES OF MARCH,0.7662510390689942,0.004439511653718091,15.346281908990012,0.07023411294160785,87
THE IMAGINARIUM OF DOCTOR PARNASSUS,0.30369918699186993,0.25597269624573377,8.49943117178612,0.07103513207309649,8
IN THE BEDROOM,0.8552696481420585,0.016597510373443983,21.58402489626556,0.039234168747641775,85
IN THE LOOP,0.575050190922332,0.1453344343517754,12.062758051197358,0.04071843449092012,124
INCEPTION,0.3823028927963698,0.05972558514931396,8.703793381759484,0.06020456539447829,285
INDIANA JONES AND THE LAST CRUSADE,0.00635872825434913,0.2128099173553719,0.3285123966942149,0.06666666666666665,145
PERU,0.9198098256735341,0.2076923076923077,50.22692307692308,0.02722980071746886,139
INDIANA JONES AND THE TEMPLE OF DOOM,0.17699115044247787,0.18354430379746836,9.30379746835443,0.04558113603568153,173
INDIANA JONES IV,0.7531556039173014,0.2996575342465753,47.407534246575345,0.04711332016292239,123
THE INFORMANT,0.8205487448920024,0.011727912431587178,21.979671618451917,0.08187347319754162,0
INGLOURIOUS BASTERDS,0.8364144833676773,0.017064846416382253,19.394539249146757,0.059074829698305076,0
THE INSIDER,0.41366616414823126,0.34755463059313213,12.277835587929241,0.0987557670880458,202
INSIDIOUS,0.861182977964136,0.008771929824561403,28.22514619883041,0.007557136333452138,155
AN ARM,0.8015030418704521,0.11764705882352941,27.574555403556772,0.007227706273218312,164
INTERSTELLAR,0.876344236978801,0.04271631982475356,34.185104052573934,0.03604369776207256,247
DISSOLVE,0.000706058867658091,5.0,4.0,0.0,136
INTO THE WILD,0.28596568411790585,0.1844380403458213,13.112391930835734,0.08707812186184626,256
INTO THE WOODS,0.5737445959428001,0.017048481619605753,7.353223228556207,0.0671560913012062,114
FIRST DRAFT,0.8665045733472271,0.016283524904214558,14.337164750957854,0.09258173540614323,47
INVENTING THE ABBOTTS,0.39001013342340823,0.08932038834951456,8.967961165048544,0.02575270324651513,167
THE INVENTION OF LYING,0.8442619311875693,0.0408997955010225,19.44478527607362,0.08370052600765648,72
INVICTUS,0.7922894801936464,0.035758323057953144,27.646115906288532,0.05697529033002545,249
THE IRON LADY,0.6705460138426045,0.09710144927536232,18.955072463768115,0.07462012346627728,135
THE ISLAND,0.27469754498502463,0.04233409610983982,13.327231121281464,0.05038492742183049,25
NIGHT SEQUENCE,0.8058774834437086,0.18416712479384276,14.985156679494228,0.07768053385948442,170
IT'S COMPLICATED,0.4379976717112922,0.30916414904330314,9.472306143001006,0.14743325289014966,80
IT HAPPENED ONE NIGHT,0.8026223235136885,0.6708967851099831,24.133671742808797,0.05036182796042681,0
CHARLIE,0.8380897194456517,0.042488619119878605,26.336874051593323,0.0897829897417016,270
THE JACKET,0.3162937110791761,0.0012239902080783353,11.314565483476132,-0.0010071838312578933,181
JACKIE,0.5113639830379206,0.06378737541528239,11.137541528239202,0.0692525772001653,100
JANE EYRE,0.8834478808705613,0.003693444136657433,22.788550323176363,0.06348280884972789,139
UNDERWATER DAY,0.8317536508969613,0.08736462093862817,14.76317689530686,0.05001046036541972,64
AKA:,0.8548296649376139,0.20399579390115669,25.646687697160882,0.024775407910076378,53
JAY AND SILENT BOB STRIKE BACK,0.8339556685469135,0.17517517517517517,21.015015015015017,-0.026938216549846454,135
JENNIFER'S BODY,0.8195208668416152,0.028968713789107765,22.435689455388182,-0.0006880052729289468,101
JENNIFER EIGHT,0.3855322421179831,0.0025575447570332483,17.95140664961637,0.0018549767281447022,187
JERRY MAGUIRE,0.8403045941751778,0.27804410354745923,22.324065196548418,0.09385515844699495,169
JEUX INTERDITS (1951),0.8679862587927368,0.0009354536950420954,19.854069223573433,0.12828185328185313,0
JFK,0.8574179690393304,0.22808267997148968,33.003563791874555,0.0426502092861153,0
JIMMY AND JUDY,0.8393644859813084,0.11258955987717502,22.98157625383828,0.028633015714444265,49
JUDGE DREDD,0.6897919120533962,0.05019815059445178,23.20871862615588,0.015142413768715862,72
JUNO,0.8359802699333297,0.11901983663943991,17.996499416569428,0.1005659584869096,117
CUT TO:,0.002550499897980004,59.0,50.0,0.14642857142857144,119
JURASSIC PARK,0.28732394366197184,0.032509752925877766,11.40702210663199,0.10260654531692397,0
KAFKA,0.8784294098912598,0.23378582202111614,29.120663650075414,-0.00245566722839449,0
SHOOTING DRAFT,0.8446518252005097,0.19887005649717515,25.46553672316384,0.029995733808675176,210
SERIES OF CLOSE UPS,0.8244675725161414,0.20505344995140914,16.6287657920311,0.07169167876940996,129
THE KIDS ARE ALL RIGHT,0.4258143074581431,0.11907386990077178,7.711135611907387,0.11013935324761238,107
TABLE OF CONTENTS,0.26326232723623594,0.10358565737051793,11.497011952191235,0.07376258708116003,86
KILL YOUR DARLINGS,0.2827285254937988,0.047142857142857146,7.034285714285715,0.09705342333565838,166
KILLING ZOE,0.2875559063404367,0.15265200517464425,7.069857697283312,0.08213554815258221,102
THE KING'S SPEECH,0.5209269988412515,0.09743135518157661,9.954827280779451,0.07045000040762758,90
KING KONG,0.4339926402943882,0.1994851994851995,17.0,0.04170329998732361,239
MAE,0.23941189378977398,0.13233923578751164,6.100652376514446,0.14961058877465136,3
THE KINGDOM,0.3105525620000669,0.11636707663197729,8.778618732261116,0.09992253444339727,148
KNOCKED UP,0.7760537285780454,0.013493975903614458,9.689638554216867,0.114803773635295,162
WIDE SHOT,0.7536037045335723,0.44226044226044225,16.527436527436528,0.09675228520759614,134
KUNDUN,0.004862100762846844,0.009852216748768473,0.19047619047619047,0.28750000000000003,211
KUNG FU PANDA,0.8134376616658044,0.09718309859154929,17.716901408450703,0.05014147701722188,61
L.A. CONFIDENTIAL,0.8589910933660934,0.09021842355175688,21.248812915479583,0.021903005039618974,172
LA LA LAND,0.26528636730303845,0.115625,7.7078125,0.11334386077130143,112
LABOR OF LOVE,0.28091998947724456,0.1083223249669749,9.87450462351387,0.09236447680741156,112
,0.0016140076298542501,0.0,33.0,0.1625,0
AN OLD HOUND DOG,0.8576823128146824,0.004464285714285714,23.574776785714285,0.033268460666961444,133
LAKE PLACID,0.399987380111055,0.2819548872180451,7.943609022556391,0.06328009755052556,96
LAND OF THE DEAD,0.2787365678931944,0.0015527950310559005,9.304347826086957,0.008722835575083947,156
LARRY CROWNE,0.7985395189003437,0.016346153846153847,16.0875,0.08679191296068561,135
THE LAST BOY SCOUT,0.3693515381260693,0.13293310463121785,9.44253859348199,0.015042152670694146,124
LAST CHANCE HARVEY,0.7850961837763805,0.3354591836734694,16.085459183673468,0.0488323126303895,132
THE LAST FLIGHT,0.8528904619293947,0.12411971830985916,16.545774647887324,0.06736323941410528,39
THE LAST OF THE MOHICANS,0.0004684206417362792,148.0,12.0,0.0,1
THE LAST SAMURAI,0.0199237401669472,0.19401041666666666,0.7552083333333334,-0.000535971964543411,179
THE LAST STATION,0.41822943949711894,0.06390532544378698,9.44852071005917,0.10304908665757728,125
ULTIMO TANGO PARIGI,0.7998567650947555,0.0031120331950207467,15.061203319502075,0.033333054054207854,45
LAW-ABIDING CITIZEN,0.37583451898872716,0.17391304347826086,12.105757931844888,0.034379292220201314,210
LE DIABLE PAR LA QUEUE (1969),0.8508216999469871,0.000715307582260372,17.220314735336196,0.16952144041696307,0
LEGALLY BLONDE,0.40873373695736187,0.21596724667349027,9.743091095189355,0.12624052828000212,128
LEGION,0.8368237732022398,0.0641025641025641,27.037037037037038,-0.0024195167843376335,96
LES MISERABLES,0.46206991372495104,0.06892230576441102,16.845864661654137,0.0750312804479471,132
LES TONTONS FLINGUEURS (1963),0.8959493429216916,0.0009208103130755065,25.927255985267035,0.10448430493273546,0
LEVIATHAN,0.26016738294503505,0.2693498452012384,8.902476780185758,0.053566976066976066,20
LIAR LIAR,0.7747226242161119,0.1478743068391867,13.358595194085028,0.08797397295411205,81
COLLEEN,0.8708767763719343,0.043225270157938485,19.51039068994181,0.031138525024086233,175
FIRST DRAFT,0.8261689621896657,0.14693446088794926,19.91014799154334,0.017266762760110937,178
LIFE OF PI,0.26987212276214834,0.005076142131979695,13.390862944162437,0.09048653831548567,123
SHOOTING DRAFT,0.855593220338983,0.08196721311475409,21.90549662487946,0.051920920470538826,130
LIGHT SLEEPER,0.7256618574029976,0.29926108374384236,12.759852216748769,0.006572545442503725,0
THE LIMEY,0.41591382904795,0.20634920634920634,10.23076923076923,0.0684102548926768,125
LIMITLESS,0.7713358261083946,0.016339869281045753,20.44880174291939,0.030411445891162556,187
THE LINCOLN LAWYER,0.7618494330702352,0.06403940886699508,15.611658456486042,0.028154647295684208,142
LINCOLN,0.8167602245388933,0.04371002132196162,23.888059701492537,0.020453360533951567,102
LITTLE ATHENS,0.7907403331132145,0.09566639411283728,17.623875715453803,-0.027503136279927454,153
SHOOTING DRAFT,0.8180425531914893,0.076,14.418,0.08242960037865714,112
REVISED DRAFT,0.8217430807939614,0.10161662817551963,27.153579676674365,-0.0016279181784986157,144
LOOPER,0.8602263753619374,0.012968299711815562,32.96253602305475,-0.01754268420813604,317
GALADRIEL,0.35861490990819395,0.1910902696365768,11.036342321219227,0.04014298243843703,139
DEAGOL,0.2748800112930548,0.44086021505376344,13.95878136200717,0.05361279487025018,199
THE LORD OF THE RINGS: THE TWO TOWERS,0.7390591864276075,0.002472187886279357,18.95426452410383,0.014537410903970394,0
LORD OF WAR,0.34267225256228023,0.4808510638297872,12.994326241134752,0.048540435167419335,139
THE LOSERS,0.750320771753077,0.03090727816550349,15.741774675972083,0.03293624367226342,130
LOST HORIZON,0.81064784175307,0.27372627372627373,22.025974025974026,0.07506337308073201,89
PILOT (OVER),0.3820778779119197,0.06832971800433839,9.748373101952277,0.08270803347985652,233
LOST IN TRANSLATION,0.8099534127042816,0.1031578947368421,23.05894736842105,0.06059756047620125,117
DISSOLVE TO:,0.0014308792984075698,7.2,3.1,-0.7,107
MACHETE,0.7841674844618908,0.01957585644371941,19.553017944535075,0.0071097388450329395,155
MACHINE GUN PREACHER,0.792656217918007,0.02043010752688172,24.906451612903226,0.0008610097464264074,251
MAD MAX II,0.7410956155312531,0.004329004329004329,63.95238095238095,0.01371575787568859,4
NARRATOR,0.4471288935853407,0.016877637130801686,11.22242314647378,0.03848996687566659,307
THE BIJOU,0.3836054063542215,0.2236842105263158,11.059716599190283,0.15001545357200136,126
SHOOTING DRAFT,0.8582053933656829,0.12664640324214793,21.861195542046605,0.04758329255946893,93
LOUISE,0.002227459082545114,9.0,34.5,0.0798611111111111,169
FULL YELLOW DRAFT,0.43681050849196984,0.12562814070351758,8.555778894472361,0.07287686911326105,93
THE MAN IN THE IRON MASK,0.33752439573637594,0.009628610729023384,12.370013755158185,0.10238555618068276,131
CREASY'S VOICE,0.30928424422593187,0.07701019252548132,9.19026047565119,0.08237503731900282,182
DISSOLVE TO:,0.024018285371702638,82.66666666666667,213.66666666666666,-0.16345526695526694,172
MAN TROUBLE,0.36574385877849064,0.21743810548977396,11.106566200215285,0.07111017255724772,147
THE MAN WHO KNEW TOO MUCH,0.2537498026419662,0.02786377708978328,9.951496388028895,0.09845606915339858,487
BY,0.8134023285899095,0.007936507936507936,17.82199546485261,0.03609644017376883,11
THE MANCHURIAN CANDIDATE,0.38637998258697054,0.17718446601941748,12.387135922330097,0.06752444082812571,146
MANHATTAN MURDER MYSTERY,0.8071636605181135,0.0029791459781529296,15.687189672293943,0.10382154533314847,0
SECOND DRAFT,0.11376814203911118,0.32964601769911506,3.4944690265486726,0.08669726434124338,122
MARGARET,0.7685595418197536,0.01059001512859304,14.346444780635402,0.06721030479182635,173
MARGIN CALL,0.46143617021276595,0.016771488469601678,9.457023060796645,0.0161481356196546,75
MARGOT AT THE WEDDING,0.4466607020683122,0.09893307468477207,8.231813773035887,0.0350902543810853,63
MOCO,0.19870110916520725,0.3279742765273312,8.755627009646302,0.05009420631182288,120
MARLEY ME,0.7787496583232457,0.04864864864864865,17.966666666666665,0.08906850453106332,219
MARTHA MARCY MAY MARLENE,0.8010859197299876,0.0,14.16083009079118,0.05773826086477413,106
MARTY,0.8569221111593993,0.2182061579651941,23.75635876840696,0.04035436826125977,0
THE MASK,0.8457003219425158,0.07150050352467271,21.956696878147028,0.038719778963984305,114
THE MASTER,0.6540840745924956,0.0014695077149155032,10.64364437913299,0.08061012415257698,125
JACK,0.28438171715942734,0.08320251177394035,11.007849293563579,0.06463953161533809,4
WOMAN,0.024091937047122352,0.0,0.903114186851211,0.030606430606430608,159
MAX PAYNE,0.8427632973087519,0.1505016722408027,22.16833890746934,-0.007636384495673279,73
MEAN STREETS,0.6950925971410326,0.04974489795918367,18.0484693877551,0.03827136349735222,100
THE MECHANIC,0.8196565854980188,0.030015797788309637,38.23380726698262,0.04093533470323117,244
MEET JOHN DOE,0.8218705937646874,0.29305680793507666,23.65193868349865,0.09039410950703695,0
MEGAMIND,0.3771516692368608,0.08198757763975155,11.240993788819877,0.09686827660357075,104
DISSOLVE TO:,0.00046980062835834044,103.0,16.0,-0.4,184
MEN IN BLACK,0.8342696629213483,0.017391304347826087,18.078260869565216,0.06469376195861341,30
DELIVER THE GALAXY,0.009158445029676507,34.5,116.5,0.08594771241830061,139
THE MEN WHO STARE AT GOATS,0.47025071722589495,0.05502392344497608,13.528708133971293,-0.001778232091820916,157
SHOOTING DRAFT,0.8363636363636363,0.15254237288135594,21.440677966101696,0.01993003980961587,215
MIAMI VICE,0.32217968925917584,0.28678678678678676,10.741741741741741,0.07464320310936023,169
MIDNIGHT EXPRESS,0.6105251906221051,0.3458646616541353,21.472431077694235,-0.018001637096223256,0
MIDNIGHT IN PARIS,0.70256445232574,0.09615384615384616,12.381009615384615,0.1727321252984969,69
MIGHTY MORPHIN POWER RANGERS: THE MOVIE,0.3102168618810159,0.04479578392621871,7.048748353096179,0.10573795753231231,122
MILK,0.7483195183306528,0.11244019138755981,21.705741626794257,0.09253474695721553,156
PETER (OS),0.20522563092222534,0.07363013698630137,7.491438356164384,0.04506015787440373,97
MINI'S FIRST TIME,0.7689689293489016,0.1107981220657277,18.24225352112676,0.05127889362588365,154
DARKNESS,0.8625210445248415,0.14725568942436412,32.234270414993304,0.024542951890030026,145
THE MIRACLE WORKER,0.7014204545454545,0.00980392156862745,24.205882352941178,-0.0025028209465295585,10
MIRRORS,0.2491453316113348,0.04753199268738574,11.990859232175502,0.06934639249639249,118
PULL BACK TO REVEAL,0.6571428571428571,0.0,184.0,0.2148809523809524,0
MISSION IMPOSSIBLE,0.35493291573200153,0.1527027027027027,11.332432432432432,0.060476099370571725,28
MISSION: IMPOSSIBLE,0.2979876872185978,0.06715328467153285,9.46861313868613,0.05364609059294525,209
SHOOTING DRAFT,0.8505441354292624,0.08171206225680934,23.948443579766536,0.052215575757140434,164
MONEYBALL,0.7495342113716672,0.018244013683010263,13.302736602052452,0.10055829001034446,199
MONKEYBONE,0.2917807177615572,0.0847953216374269,11.220760233918128,0.10294467901555725,137
MONTE CARLO,0.7975927004465152,0.05030355594102342,17.816131830008672,0.06997392618604745,150
MOON,0.2699444734469176,0.16261682242990655,10.631775700934579,0.09076508942522017,146
MOONRISE KINGDOM,0.8829657585407085,0.0166865315852205,26.769964243146603,-0.0018184423573511302,67
WHITE BACKGROUND.,0.8140671894665504,0.06673306772908366,16.75,0.09491197900025666,118
SHOOTING DRAFT,0.7693631669535284,0.43780687397708673,16.4607201309329,0.06560243047286404,80
MR BROOKS,0.39983877468762596,0.09728506787330317,12.343891402714933,0.09567492996996099,161
MR DEEDS GOES TO TOWN,0.7592002888939956,0.3107822410147992,16.29739252995067,0.07836154939831429,77
MUD,0.847482627507539,0.008348794063079777,23.984230055658628,0.020050061151833762,144
SHOOTING DRAFT,0.8031054724483999,0.15736040609137056,21.528934010152284,0.06172387640472751,124
"THEBES 2,134 B.C",0.8847294292068199,0.020935960591133004,29.396551724137932,-0.0007712751948676968,105
MUSIC OF THE HEART,0.8118125298900047,0.14585319351763584,19.418493803622496,0.06857165840003958,156
MUTE WITNESS,0.003424657534246575,2.0,41.5,0.05510204081632652,0
MY GIRL,0.7658931036749721,0.11459459459459459,12.594594594594595,0.0789124406162078,0
"THE SATAN'S DISCIPLES IN NEW YORK""",0.7882252072020577,0.1984126984126984,21.88888888888889,0.061298504704499254,61
MY WEEK WITH MARILYN,0.6963173930321896,0.0008453085376162299,17.77345731191885,0.11329963259082765,168
WRITTEN BY,0.5087099031414577,0.10743801652892562,16.30814639905549,0.0675931410766727,97
REVISED SECOND DRAFT,0.3584158415841584,0.2078239608801956,8.85085574572127,0.0853662020450813,100
REVISIONS:,0.31873872519542995,0.15966386554621848,7.1268907563025214,0.12993637733092936,113
CRAIG,0.4084096838784054,0.08525033829499323,9.108254397834912,0.04213472287883426,71
THE NEXT THREE DAYS,0.2209932194401303,0.13112745098039216,7.1495098039215685,0.06815113352439736,354
NEXT,0.8602879591592549,0.08312655086848635,26.76178660049628,0.022497396394455204,24
NI VU NI CONNU (1958),0.8914438786335668,0.0007849293563579278,26.38226059654631,0.19937971952535022,0
NICK OF TIME,0.6742390275494445,0.08014796547472257,16.688039457459926,0.02194524429818545,123
NIGHT TIME,0.9670099334730703,0.0,2652.75,0.033076562887168884,0
NIGHTBREED,0.65223206217242,0.0,668.2962962962963,0.0069298476553217485,264
VOICE,0.22381651790758106,0.22044728434504793,9.493610223642172,0.06275009654697156,143
JACOB,0.25695056485858503,0.01925925925925926,9.502222222222223,0.05032749149801179,90
NINE,0.318008676330547,0.13411078717201166,5.841593780369291,0.1484927166400851,146
THE NINES,0.35138255498470244,0.06868131868131869,8.361263736263735,0.046408635224424684,144
NINJA ASSASSIN,0.2790399413704654,0.019287833827893175,9.038575667655786,0.04896514195309379,133
NINOTCHKA,0.8152454335936157,0.33071988595866003,16.892373485388454,0.11036762086775587,0
NO COUNTRY FOR OLD MEN,0.8835103060587133,0.0,21.954545454545453,0.005945247301607875,150
NO STRINGS ATTACHED,0.7505124450951683,0.04313099041533546,12.282747603833865,0.0717182401055515,128
DAVID,0.7958904545309965,0.06218905472636816,20.74792703150912,0.05556648562228323,147
OBLIVION,0.7672841548130995,0.05090311986863711,30.469622331691298,0.0330910698175799,166
OBSERVE AND REPORT,0.8596325373011632,0.023430178069353328,19.600749765698218,0.07232605412928403,94
OBSESSED,0.7901092293817016,0.10019646365422397,15.490176817288802,0.05210536760033392,104
OCEAN'S 11,0.31538234619292665,0.26905417814508725,8.8356290174472,0.11638231802112627,261
OCEAN'S TWELVE,0.3974072040876652,0.06294416243654823,9.554314720812183,0.13359772791692473,191
OFFICE SPACE,0.004034535624949568,0.0,50.0,0.029166666666666664,0
ONLY GOD FORGIVES,0.8062003968253968,0.0029806259314456036,24.2220566318927,0.015544146357295173,163
ORDINARY PEOPLE,0.2210352529863067,0.023059185242121444,3.498847040737894,0.0044445490097663855,158
"EDWARD D. WOOD, JR.",0.0046882325363338025,11.0,10.0,-0.2,10
ORPHAN,0.8405606657906264,0.02928416485900217,27.057483731019524,-6.945213507539903e-05,199
THE OTHER BOLEYN GIRL,0.25061355864011264,0.13174273858921162,6.461618257261411,0.1722604016354017,202
LOOKING FOR MONEY?,0.4548431630654638,0.09229651162790697,10.29578488372093,0.07906030873888013,156
THE PACIFIER,0.8222083072427468,0.04883720930232558,22.90232558139535,0.04940820152070153,181
PANDORUM,0.7106721271982654,0.026973026973026972,20.62937062937063,0.005219166726519657,110
PANIC ROOM,0.19185845301955357,0.07564575645756458,8.182656826568266,0.029943675519072323,168
PAPADOPOULOS SONS,0.5405204460966543,0.0037313432835820895,9.946517412935323,0.143869313610097,66
PARANORMAN,0.8463638302409896,0.009009009009009009,29.794294294294293,-0.05082004763655831,110
PARIAH,0.3323876362550396,0.015511892450879007,6.905894519131334,0.0894924768241189,91
THE PASSION OF JOAN OF ARC,0.12876915472071182,0.0,2084.0,0.15429237429237427,0
DISSOLVE TO:,0.0014498962006129106,39.0,44.0,0.0,168
PAUL,0.6956719817767654,0.004470938897168405,11.37853949329359,0.04656534572147214,136
PEARL HARBOR,0.0029746547275762633,13.5,49.0,0.07295918367346939,303
PEEPING TOM,0.7603136220414743,0.11846153846153847,15.963076923076922,0.06980908467750592,129
PEGGY SUE GOT MARRIED,0.000414524954402255,137.0,10.0,-0.1,145
PERFECT CREATURE,0.18936795688388045,0.2842741935483871,9.350806451612904,0.0675667437857521,0
DISSOLVE TO:,0.30605927963981994,0.1246376811594203,9.457971014492754,0.0689138183079687,246
CHARLIE,0.3693404136389044,0.055916775032509754,10.310793237971392,0.12422071075720714,186
PETULIA,0.8166969972702457,0.05861664712778429,21.044548651817117,0.04132406073136604,110
PHILADELPHIA,0.463356077836745,0.11311311311311312,11.012012012012011,0.1293101669389465,60
PHONE BOOTH,0.00045984939932172214,92.0,8.0,-0.6,1
THE PIANIST,0.8604978863316111,0.20949263502454993,29.983633387888705,0.01652583263491022,164
JANE CAMPION,0.19506296769483483,0.0671462829736211,10.251798561151078,0.06880128379205872,0
PINEAPPLE EXPRESS,0.8252648165980916,0.14822335025380712,19.141116751269035,-0.021959259875926503,93
PIRATES OF THE CARRIBEAN: DEAD MAN'S CHEST,0.4580483736447039,0.0,9.646370023419204,0.06486877418094351,0
YOUNG ELIZABETH,0.3363481355178293,0.1494661921708185,10.76393831553974,0.1243839077172411,136
PITCH BLACK,0.3017745513208308,0.10714285714285714,8.907738095238095,0.04404353173359018,212
PLATINUM BLONDE,0.806139646869984,0.2933597621407334,19.909811694747276,0.08336163098750515,53
PLEASANTVILLE,0.0033900321160937313,356.0,114.0,0.09673295454545455,137
POINT BREAK,0.2630634291713231,0.15348837209302327,12.043410852713178,0.05090969603872822,113
WOMAN,0.29962290023997257,0.15418023887079263,9.489685124864279,0.10173965749585581,167
THE POWER OF ONE,0.3771135559666375,0.07957813998082454,11.140939597315436,0.11179594667137643,141
PRECIOUS,0.37107074728373557,0.12368421052631579,11.773684210526316,0.1274516682623874,146
DISSOLVE TO:,0.8173401676798983,0.5146579804560261,67.00325732899023,-0.008273366553731551,181
PRETTY WOMAN,0.8523398233543161,0.0011409013120365088,19.9281232173417,0.08682639621811136,0
EDWARD,0.00031282120033963444,0.1978494623655914,0.007526881720430108,0.0,161
PRIDE AND PREJUDICE,0.8417780905465635,0.04380242311276794,20.066169617893756,0.11248198109992276,127
PRIEST,0.816818145258586,0.03021978021978022,27.899725274725274,0.034974714012472964,134
MOTHER,0.37697648376259796,0.29296875,10.958333333333334,0.12460271776734316,0
WATSON'S VOICE,0.3616756693739556,0.20825515947467166,8.73076923076923,0.09764294802313238,89
MAX BIALYSTOCK THEATRICAL PRODUCER,0.4112708573827264,0.3917525773195876,10.100515463917526,0.05282161176497111,2
THE PROGRAM,0.8492768906297078,0.17462165308498254,26.251455180442374,0.01501994644732667,167
PROM NIGHT,0.8007325097771432,0.05823627287853577,21.462562396006657,0.007510262330989254,98
PROMETHEUS,0.8764299332697807,0.031767955801104975,30.476519337016576,-0.013722981492357646,136
SHOOTING DRAFT,0.8869911756333618,0.09811320754716982,20.577358490566038,-0.014307707488770614,75
THE PROPOSAL,0.8192306113232336,0.06301369863013699,18.22283105022831,0.08217726172539544,102
PUBLIC ENEMIES,0.761039717499727,0.07945736434108527,20.256782945736433,0.03883652345183891,235
YOUNG MAN,0.8445249373084425,0.09637561779242175,19.97364085667216,0.014166068321416408,94
PUNCH-DRUNK LOVE,0.4757523004227804,0.023809523809523808,7.921325051759834,0.11848440364215117,84
PRINCE,0.8322591807604135,0.17164179104477612,28.717910447761195,0.03538624652683005,118
GLOWING INTERCONNECTEDNESS,0.7402276100940128,0.05392156862745098,22.0,0.047070809848587664,54
THE QUEEN,0.6914511681148863,0.19143239625167335,17.78982597054886,0.07957741590788814,130
VOICE,0.2569636663046144,0.21944035346097202,10.80117820324006,0.1561195705185253,108
RACHEL GETTING MARRIED,0.4027961658634751,0.10754017305315204,9.401730531520396,0.07267223818854256,78
JAKE,0.0029239766081871343,0.20203488372093023,0.09883720930232558,0.0,86
RAISING ARIZONA,0.004311197247162125,26.0,109.0,0.16083333333333336,42
THE READER,0.7005275426328058,0.0,18.970099667774086,0.05401262349715959,196
ANNOUNCER,0.8522856678054336,0.04954954954954955,35.398648648648646,0.03183813582251093,442
REBEL WITHOUT CAUSE,0.3167894025883481,0.2047569803516029,7.518097207859359,0.06059550648054296,0
RED RIDING HOOD,0.8667331457672994,0.024691358024691357,30.04567901234568,-0.0018725710432225696,202
FIGURE IN SANTA CLAUS SUIT,0.8656631314859163,0.09749034749034749,21.981660231660232,0.02591716149199872,136
RELIC,0.32752148745834064,0.0861244019138756,11.167464114832535,0.06012185179301073,143
REMEMBER ME,0.32148000993295256,0.05625717566016074,7.431687715269804,0.09326521461409909,129
THE REPLACEMENTS,0.3624576519302355,0.12859560067681894,14.663282571912013,0.085206939297262,86
REPO MAN,0.8800974306592284,0.02099737532808399,14.699475065616799,0.023186805884174325,0
THE RESCUERS DOWN UNDER,0.317918026840769,37.0,3506.0,0.07566222806729135,0
TIMOTHY CAREY,0.6290985661285471,0.09312320916905444,17.977077363896846,-0.001538120519004321,45
RESIDENT EVIL,0.029491182178719096,0.0,116.5,-0.0012820512820512849,0
RETURN OF THE APES,6.209251785159888e-05,0.0,2.0,0.0,0
THE REVENANT,0.8236771669754993,0.0410958904109589,39.14481409001957,-0.016082423660650495,147
REVOLUTIONARY ROAD,0.8278997940974605,0.06779661016949153,20.444915254237287,0.0547715437555995,118
RISE OF THE GUARDIANS,0.840089931848521,0.05642023346303502,23.262645914396888,0.06205855518559551,119
RISE OF THE PLANET OF THE APES,0.7424135807898672,0.025331724969843185,20.363088057901084,0.011022455843458174,235
RKO 281,0.4189920691536234,0.1357142857142857,11.886904761904763,0.08659690011677462,7
THE ROAD,0.8103798655619822,0.0,23.168715083798883,-0.018836264173607273,192
PRINCE OF THIEVES,0.35935345487973036,0.08587786259541985,8.952290076335878,0.08884029405108673,108
ROCKNROLLA,0.42640864658666455,0.18944099378881987,11.108695652173912,0.07023401681485518,162
THE,0.00040341558528877834,24.0,6.0,0.0,131
WILLIAM SHAKESPEARE'S,0.789466845684092,0.06837606837606838,25.965811965811966,0.07598327314957506,187
RONIN,0.27887847793433945,0.3179347826086957,10.595108695652174,0.04973573619516028,91
JACK,0.33449829466503855,0.07526881720430108,7.765395894428153,0.11387463660389426,129
THE ROOMMATE,0.8603346901854364,0.02283653846153846,22.86298076923077,0.05783949062874682,196
ROUGHSHOD,0.8234617596319724,0.2247863247863248,20.806837606837608,0.015345325219202215,146
THE RUINS,0.860542053696399,0.040955631399317405,30.775881683731512,-0.003983926020216362,75
IKE,0.00031138097462245055,0.2740560292326431,0.0097442143727162,0.0,132
RUSH,0.3341598665524548,0.06865671641791045,11.06268656716418,0.0946808970526397,186
RUST AND BONE,0.8568554989006877,0.001141552511415525,20.909817351598175,0.021461687000372546,141
S. DARKO,0.8017957539649241,0.015151515151515152,22.272727272727273,-0.001179776729635283,151
THE SALTON SEA,0.39397282033180375,0.1668696711327649,10.875761266747869,0.03848236864502779,145
THE SANDLOT KIDS,0.7722589424572317,0.013673655423883319,14.484958979033728,0.05269260697510902,165
SAVE THE LAST DANCE,0.33820514767291776,0.23398692810457516,11.645751633986928,0.04682275099056869,136
SAVING MR. BANKS,0.8165092603949466,0.05929203539823009,17.67345132743363,0.09620261829721286,148
SWARM OF LANDING CRAFT,0.8230968087003031,0.05517909002904162,17.87705711519845,0.04896833480220169,63
SAW,0.8677492418135053,0.137546468401487,42.014869888475836,-0.007333092979918357,0
"ANONYMOUS, MIAMI 1981",0.46350700643834875,0.37486687965921195,18.24707135250266,0.055639254027074495,144
BY,0.8743049705139005,0.1149584487534626,35.93490304709141,0.046032952912505504,257
SCOTT PILGRIM VS. THE WORLD,0.7282031401434387,0.00417910447761194,11.214328358208956,0.030538369374411487,104
MAUREEN,0.31629454598061435,0.04307334109429569,7.635622817229336,0.04622254312502878,75
SCREAM,0.3478593616350786,0.0788675429726997,7.812942366026289,0.011371017735210232,104
SEVEN,0.3031598142291364,0.13883089770354906,11.106471816283925,0.040661893800125394,201
LEVEL STUDY OF HOOFPRINTS LATE AFTERNOON,0.8279755661134078,0.3336653386454183,26.731075697211157,0.015449871626221865,223
SEMI PRO,0.6996629261424244,0.10382978723404256,13.955744680851064,0.07660878926142083,82
MR DASHWOOD,0.726541459957477,0.056179775280898875,19.19756554307116,0.10096101201637452,189
SERENITY,0.8258429082689772,0.08341708542713568,22.0321608040201,0.032970562619139054,181
SERIAL MOM,0.280163003929559,0.1093969144460028,8.099579242636747,0.01529876993046636,0
THE SESSIONS,0.44406951240087733,0.0012300123001230013,9.712177121771218,0.138313088843843,152
ANN,0.8294420498084292,0.1791967044284243,14.268795056642636,0.05903652116894948,52
SEX AND THE CITY: THE MOVIE,0.40471327572663,0.0726764500349406,9.000698812019566,0.15088630596994898,258
SEXUAL LIFE,0.8245442310045271,0.1113561190738699,14.859977949283351,0.08598706989000224,88
SHAKESPEARE IN LOVE,0.3557806668580568,0.20330237358101136,8.952528379772962,0.21121216332305842,193
SHALLOW GRAVE,0.8606849414673162,0.01485148514851485,19.533003300330034,0.025622097562479997,193
SHAME,0.26052937221101535,0.04960835509138381,5.563968668407311,0.08201340722769292,114
FELICIA'S VOICE,0.00466014526218565,0.2031900138696255,0.0769764216366158,0.2333333333333333,73
SHE'S OUT OF MY LEAGUE,0.847651775486827,0.01706827309236948,20.06024096385542,0.08060925774259106,83
SHERLOCK HOLMES,0.3045947832709272,0.12296110414052698,12.043914680050188,0.11671530658842688,145
SHIFTY,0.3352272727272727,0.0380952380952381,7.14421768707483,-0.1541552301126769,178
EXECUTIVE PRODUCER:,0.36123603009929206,0.07263157894736842,8.54,0.1367325121207868,231
THE SHIPPING NEWS,0.3314385658067337,0.006904487917146145,11.339470655926352,0.10121556927004399,89
SHOOTING DRAFT,0.9062438350759519,0.45993031358885017,64.02439024390245,0.028003281039769456,85
SHREK THE THIRD,0.8405324518693885,0.025109170305676855,20.542576419213972,0.07743608354786247,88
SHREK,0.8118327402135231,0.055776892430278883,14.541832669322709,0.11199070857375368,0
UNDER THE STUDIO LOGO:,0.822006859695302,0.12916666666666668,17.175833333333333,0.08843658964040166,176
SHOOTING DRAFT,0.7893601725377426,0.1486810551558753,14.920863309352518,0.046490829106036434,9
SIGNS,0.2650108932461874,0.2950257289879931,10.432246998284734,0.054570749313138066,82
CLOSE ON,0.8223037651563497,0.17647058823529413,24.85149469623915,0.03709881412389541,136
SILVER LININGS PLAYBOOK,0.6004200878365477,0.008193186718413108,6.779646399310048,0.08488250285185898,164
SIMONE,0.45054782897406576,0.5314757481940144,12.603715170278639,0.1458693010978252,145
SINGLE WHITE FEMALE,0.010656631379031407,0.09090909090909091,9.181818181818182,0.16884920634920636,0
SISTER ACT,0.4132203158110602,0.20465116279069767,9.372093023255815,0.12050229067807201,69
SIX DEGREES OF SEPARATION,0.6373707806884287,0.0,11.112403100775193,0.09114230959611648,0
ANNIE,0.00048496605237633366,194.0,10.0,-0.4000000000000001,173
CONSTABLE ONE,0.2896097233731897,0.13598901098901098,10.081043956043956,0.0390728916969375,207
ATTENDANT,0.6913479424708497,0.14698795180722893,18.35903614457831,0.09581067953709477,86
SLITHER,0.8761236570927429,0.005,33.3,-0.03319472259093022,196
SLUMDOG MILLIONAIRE,0.29756843439994035,0.04170905391658189,8.116988809766022,0.11646474755056198,197
SMASHED,0.48349093982777747,0.31842966194111233,9.980370774263903,0.051245795494912184,75
SMOKIN' ACES,0.8119756919215272,0.1992797118847539,29.513805522208884,0.003157410469697194,122
SNATCH,0.4265852117126606,0.003080082135523614,10.395277207392198,0.008510650400812104,125
SNOW FALLING ON CEDARS,0.43310952049154366,0.003663003663003663,12.522893772893774,0.05892372308233339,110
SNOW WHITE AND THE HUNTSMAN,0.8119121077582964,0.020053475935828877,28.84893048128342,0.021339666911630348,142
SHOOTING DRAFT,0.8051909747824805,0.21775025799793601,16.904024767801857,0.11337249502018913,100
THE SOCIAL NETWORK,0.7164386662785809,0.022994952327537857,12.42456533931576,0.08753534624746706,154
SOLARIS,0.45794467033405084,0.12048192771084337,11.534136546184738,0.030271498916077243,119
SOLDIER,0.1730410590357394,0.21965317919075145,10.90558766859345,0.05380822588953656,231
SOMEONE TO WATCH OVER ME,0.29717091419219077,0.363013698630137,8.705479452054794,0.11784222751755213,170
SOMETHING'S GOTTA GIVE,0.4303145435282943,0.2249163879598662,9.84866220735786,0.17156698169816964,68
SOURCE CODE,0.8549306521836707,0.01652892561983471,19.676652892561982,0.008281217201631833,98
STAN,0.8323441560960472,0.0014992503748125937,16.084707646176913,0.024809490305639566,119
SPANGLISH,0.3641234387503044,0.27607361963190186,10.701431492842536,0.13806659351783274,186
DISSOLVE TO:,0.003937242736980254,39.0,16.5,-0.2,85
SPARTAN,0.24146812620734062,0.4642857142857143,8.640552995391705,0.04561290907547598,64
SPEED RACER,0.855340335561315,0.0008605851979345956,21.585197934595524,0.06995988041588042,324
SPHERE,0.4489966905450128,0.06319702602230483,7.968773234200744,0.018411579068814063,179
ST. ELMO'S FIRE,0.7846363636363637,0.009146341463414634,17.54268292682927,0.07329934496926688,140
BORG,0.604945627886191,0.19047619047619047,22.750700280112046,-0.00647213275269509,174
FINAL DRAFT,0.5123030696767906,0.2662251655629139,16.711258278145696,0.019914038119027266,133
STAR TREK II: THE WRATH OF KHAN,0.33968303133550154,0.23182297154899895,6.9336143308746045,-0.004357086418397206,182
STAR TREK: NEMESIS,0.4269838354151359,0.176196032672112,10.849474912485414,0.09796783693440467,147
GENE RODDENBERRY HAROLD LIVINGSTONE,0.23184675046803957,0.4911242603550296,10.25887573964497,0.08188149656369999,150
STAR TREK,0.3448370143087159,0.1195551436515292,10.519925857275254,0.09344995064334691,264
STAR WARS,0.8615007860684484,0.09753694581280788,28.073891625615765,0.019074829582182477,480
HAN,0.0004915816640039326,0.0,12.0,-0.07777777777777779,0
STAR WARS EPISODE 3: REVENGE OF THE SITH SCRIPT,0.0002679528403001072,0.0,8.0,0.0,236
THE EMPIRE STRIKES BACK,0.0005895574634290136,151.0,16.0,0.1,277
STAR WARS: THE FORCE AWAKENS,0.7209537910075586,0.03205128205128205,19.76923076923077,0.004447126947126941,266
DRAFT SCRIPT,0.833366428382314,0.32362122788761705,26.202913631633717,0.041834330131385114,241
MORRIS,0.47998949119887907,0.13421828908554573,8.084070796460177,0.13403714565004898,79
STATION WEST,0.8426636392107736,0.24745762711864408,18.241525423728813,0.010023765864971073,98
STIR OF ECHOES,0.8301390454716272,0.058823529411764705,25.478662053056517,0.010555268257243176,0
VOICE,0.2896651286551363,0.21231155778894473,12.855527638190955,0.07522372043894274,96
STRANGERS ON TRAIN,0.25401795032352326,0.5744089012517385,10.155771905424201,0.06364809892659629,86
THE STUNTMAN,0.4667089959306185,0.4368932038834951,17.444444444444443,0.005270789457456117,65
OFFICER,0.36372401971287766,0.20093457943925233,10.576323987538942,0.09525987042739628,144
SUGAR,0.3147307739482399,0.06766917293233082,9.646616541353383,0.12452373804007537,193
"SEQUENCE ""A""",0.821770185038219,0.026460859977949284,21.691289966923925,0.07597258056981274,15
SUNSHINE CLEANING,0.32453136265320837,0.03088803088803089,6.9517374517374515,0.11350421891405493,179
SUPER,0.7256877921679822,0.02909090909090909,17.21727272727273,-0.00035650837057761017,162
SUPERBAD,0.42888310816480657,0.10714285714285714,9.866795366795367,0.0035431768290810632,146
CUT TO:,0.003702837542874961,29.0,95.0,0.07575757575757575,179
THE SURFER KING,0.6733431788812996,0.38291605301914583,21.487481590574372,0.09899340344855845,41
SURROGATES,0.6455204242743209,0.043859649122807015,19.981203007518797,0.017409247988669586,176
DOLLY,0.19851727042965459,0.1797752808988764,11.03183520599251,0.020843313482907376,202
SWEENEY TODD: THE DEMON BARBER OF FLEET STREET,0.4046122432638027,0.21517553793884484,11.445073612684032,0.11842240556526275,111
THE SWEET HEREAFTER,5.8459020226820995e-05,80.0,1.0,0.0,121
SWEET SMELL OF SUCCESS,0.33557011518545915,0.5606217616580311,13.162694300518135,0.08735718453227503,93
FOR EDUCATIONAL USE ONLY,0.773426333542965,0.15734989648033126,14.004140786749483,0.06537255001590195,78
GABRIEL,0.3240780497113687,0.17579250720461095,9.788184438040346,0.08465097694556618,180
"SYNECDOCHE, NEW YORK",0.7398636526731253,0.03041274438812455,14.931209268645908,0.04128377917937698,204
SYRIANA,0.7838824125696908,0.024804177545691905,30.28590078328982,0.06085954714141274,199
TAKE SHELTER,0.8517453011123898,0.03303303303303303,26.67267267267267,0.032187814608512395,122
EARLY DRAFT,0.4107142857142857,0.0754226267880364,11.604681404421326,0.04520729542788366,190
THE TAKING OF PELHAM ONE TWO THREE,0.8043691123341324,0.04716285924834193,17.55563743551953,0.00899517664179321,188
TAKING SIDES,0.8818699081856977,0.14855072463768115,24.708333333333332,0.07613918788566672,62
THE TALENTED MR. RIPLEY,0.45545454545454545,0.21777221526908636,11.913642052565708,0.08660851714423155,128
TALL IN THE SADDLE,0.7630188192833205,0.44570502431118314,19.18800648298217,0.021475000256512864,172
TAMARA DREWE,0.7841883075348599,0.005788712011577424,13.306801736613604,0.03026550746572545,220
TAXI DRIVER,0.3183220716322306,0.276536312849162,11.38268156424581,0.10958707893668848,31
TED,0.7768589123975227,0.046632124352331605,18.739205526770295,0.053248891182848083,228
DISSOLVE TO:,0.7962994018670692,0.10922787193973635,53.653483992467045,-0.006920216881939901,136
TERMINATOR: SALVATION,0.6300319488817892,0.07428571428571429,30.04952380952381,0.016144124260066294,121
TERMINATOR,0.7432696331426977,0.47928994082840237,42.03944773175542,-0.007509230707373121,255
CARRIE II,0.683882923120783,0.05995203836930456,17.25779376498801,0.04495264775705814,110
"JUNE 5, 1990",0.8290834736588886,0.13245702730030334,20.908998988877656,0.032818609596094686,241
MAN'S VOICE,0.470071177429037,0.18046511627906978,10.19813953488372,0.09345142393996113,120
SECOND DRAFT,0.8766205325858444,0.14357682619647355,25.207808564231737,-0.003544285159985031,175
THE THINGS MY FATHER NEVER TAUGHT ME,0.46283572767020614,0.06818181818181818,16.84090909090909,0.19937702552456646,12
THIS BOY'S LIFE,0.3929094102151324,0.19634146341463415,13.096341463414634,0.08166855067908933,150
THIS IS 40,0.5307301094733212,0.029357798165137616,7.531498470948012,0.09574094055990622,153
THOR,0.8186865482233503,0.012345679012345678,24.506172839506174,0.03913777930100954,191
SPOILS OF WAR,0.3933479616583901,0.0,10.197604790419161,0.06037593913169951,27
THREE KINGS,0.3116456869256313,0.03371783496007098,7.161490683229814,0.03838327579887066,146
THREE MEN AND BABY,0.4399958474634923,0.2525167785234899,10.666946308724832,0.1126571240291362,136
DAVID LOUGHERY,0.2828159457167091,0.19855222337125128,8.620475698035161,0.14942237215332846,90
THUNDERBIRDS,0.8102705777199968,0.03601440576230492,11.971188475390155,0.07189955364392661,0
THUNDERHEART,0.8825507738522824,0.06485849056603774,31.87382075471698,-0.0010160256804432443,95
TICKER,0.8134771934358445,0.06281833616298811,21.376910016977927,0.006899260454077716,98
TIMBER FALLS,0.28809721837168467,0.0075528700906344415,9.418429003021147,0.05775514380452657,143
DAVID DUNCAN,0.2526177473001273,0.36253776435045315,18.58610271903323,0.09977203707972937,64
ROMEO,0.44612707345971564,0.16429249762583095,11.442545109211776,0.07984134638287997,131
SALESMAN,0.5288575899843505,0.18552412645590682,14.057404326123129,0.11465221292031275,154
TINKER TAILOR SOLDIER SPY,0.2775399864834422,0.051775147928994084,10.934911242603551,0.03577525860383001,250
,0.005264703888650383,0.14985014985014986,0.23276723276723277,0.2146666666666667,194
TMNT,0.7307478988011434,0.11650485436893204,20.78640776699029,0.045023524242603634,103
V.O. NARRATION,0.4153536925371199,0.05140640155189137,12.426770126091174,0.07602791557829595,0
BOND,0.29350062298977136,0.3155241935483871,10.210685483870968,0.08809756857679116,219
TOP GUN,0.011789013125911522,21.5,145.5,-0.06874555074555075,92
TOTAL RECALL,0.8068493150684931,0.4521072796934866,30.46551724137931,0.048335211238738164,139
THE TOURIST,0.25436151543305463,0.11733800350262696,8.630472854640981,0.06820045075199714,131
FINAL DRAFT,0.2642563460850912,0.2276243093922652,6.533701657458564,0.11415197083618146,102
RENTON,0.0,0.13513513513513514,0.0,0.0,188
PUSH DOWN TO:,0.3439511548655812,0.14941022280471822,9.52424639580603,0.06326193300845391,58
BENEATH PERFECTION,0.5863496569671162,0.1378299120234604,21.8049853372434,-0.018851783301040734,154
TRISTAN ISOLDE,0.697056712132089,0.0,11.118320610687023,0.10018582702020205,0
TRON LEGACY,0.32229031022596705,0.013349514563106795,8.169902912621358,0.09123791669546394,135
,0.7748497273197723,0.2938230383973289,32.495826377295494,0.05410376100284359,102
TROPIC THUNDER,0.8058879306452341,0.09940119760479042,21.3748502994012,0.011047103177489503,78
TRUE GRIT,0.44710412448890474,11.0,11263.0,0.06428875475960683,0
,0.8203999496918627,0.15903890160183065,29.85354691075515,0.043931744753706425,297
THE TRUMAN SHOW,0.2506946071703545,0.5716374269005848,10.948830409356725,0.06786514758624294,180
TWILIGHT: NEW MOON,0.3399053285273809,0.14814814814814814,7.628654970760234,0.11456680438298082,126
TWILIGHT,0.7801947471859925,0.1503267973856209,19.02723311546841,0.05043164241850328,117
,0.7714786907467209,0.2099125364431487,18.80563654033042,0.060082829504444726,210
TWINS,0.3435720587055899,0.3690205011389522,9.758542141230068,0.14615070851796527,156
TWO FOR THE MONEY,0.7486997193638915,0.08651911468812877,20.12977867203219,0.07555717782589372,145
BOBBY,0.5165869963699098,0.015015015015015015,14.387387387387387,0.02374131025805666,80
THE UGLY TRUTH,0.46583823658558005,0.10880316518298715,10.493570722057369,0.11996939168996455,132
UN SINGE EN HIVER (1962),0.883855981416957,0.0,27.34131736526946,0.13558915043290048,0
SHOOTING DRAFT,0.739559390360338,0.1867881548974943,23.82004555808656,0.059130604085720746,107
UNKNOWN,0.7748467600700525,0.03551912568306011,29.012295081967213,0.0249373613267938,161
UP IN THE AIR,0.7872453413150526,0.0508646998982706,16.589013224821972,0.08715728555138277,150
UP,0.8273686625372791,0.05357142857142857,19.815934065934066,0.029515499515499543,181
BLUE 06/01/94,0.4078299601469094,0.007918552036199095,11.807692307692308,0.05356291066158519,131
FOR VENDETTA,0.8817208355327653,0.0,20.991921005385997,0.02041350556226223,214
VALKYRIE,0.17501927525057825,0.06521739130434782,6.250724637681159,0.04470053139100759,160
VANILLA SKY,0.8519899887127644,0.1598317560462671,18.255520504731862,0.09444578683015953,109
ANGLE,0.8088912984548658,0.23195380173243504,17.231953801732434,0.05878715798696394,97
THE DEAD OF NIGHT,0.7932934508816121,0.1486725663716814,13.377876106194691,0.04661628842019835,83
THE VILLAGE,0.0017499204581609927,0.0,22.0,-0.4,0
VIRTUOSITY,0.01029654036243822,247.0,275.0,-0.07863247863247863,0
THE VISITOR,0.8033789688319254,0.0020597322348094747,14.201853759011328,0.07019212096851848,172
WAG THE DOG,0.42888264230498946,0.0,10.283066554338669,0.10075044058446539,3
ADULT LANDON,0.31215139442231077,0.21864951768488747,6.718113612004287,0.11399941431258931,223
WALKING TALL,0.8475760663852089,0.00847457627118644,12.334745762711865,0.08404289167914754,58
WALL-E,0.7513192245736822,0.22115384615384615,26.01153846153846,0.02283261333887638,71
WALL STREET: MONEY NEVER SLEEPS,0.7797369667383147,0.026155187445510025,18.65998256320837,0.07257987157173419,122
ORIGINAL SCREENPLAY BY,0.0,170.0,0.0,0.0,168
WANTED,0.8085809911689987,0.030612244897959183,29.230320699708454,0.032433568180860003,107
WAR HORSE,0.8711697784120188,0.03,27.47125,0.06503206051047372,95
FINAL MOVIE SCRIPT,0.8533022985161478,0.03168044077134986,20.198347107438018,0.026477845626136736,33
WARM SPRINGS,0.39135848012542657,0.11706783369803063,9.285557986870897,0.16940358891279153,144
WARRIOR,0.7885077471207225,0.008827238335435058,24.001261034047918,0.02449314466547474,168
WATCHMEN,0.7767128656429259,0.014507772020725389,22.590673575129532,0.010284448130208793,185
WATER FOR ELEPHANTS,0.8219816362888859,0.01141552511415525,27.38812785388128,0.06110122018404235,148
THE WAY BACK,0.7412070879099851,0.008547008547008548,27.58831908831909,0.009615520697251467,194
WE OWN THE NIGHT,0.7341799397331037,0.06997971602434078,24.21602434077079,0.052219936821847786,144
SHOOTING DRAFT,0.8298690268651379,0.09053497942386832,15.279835390946502,0.10836802825906973,135
WHAT LIES BENEATH,0.3279117200983212,0.15367965367965367,6.785714285714286,0.10355996769577012,126
WHEN STRANGER CALLS,0.8355788423153693,0.20907840440165062,23.033012379642365,0.028991861249861244,111
WHILE SHE WAS OUT,0.1893011216566005,0.016055045871559634,10.064220183486238,0.04489662442653901,136
THE WHISTLEBLOWER,0.34022478667819417,0.00117096018735363,10.598360655737705,0.051331428987679006,263
FULL SHOT REAR AREA (DAY) (GLASS),0.7770921485660555,0.06618531889290012,15.912154031287605,0.10233651243053876,52
WHITE JAZZ,0.40240304290640216,0.1484848484848485,11.434343434343434,0.030114804824804806,104
THE WHITE RIBBON,0.22731777329733793,4.0,6652.0,0.031130581726871474,0
WHITE SQUALL,0.394456668322805,0.1056985294117647,10.215992647058824,0.08521307152573228,145
WHITEOUT,0.8281708211143695,0.02564102564102564,30.895726495726496,-0.008857703034657764,107
WHO'S YOUR DADDY,0.8385314397917714,0.07150153217568948,18.756894790602654,0.11993382266917432,104
THIRD DRAFT,0.27634730538922153,0.21578947368421053,9.715789473684211,0.08177527631099057,65
THE WILD BUNCH,0.5991682550684457,0.17940876656472987,17.623853211009173,0.027720500111804474,74
WILD HOGS,0.7766749379652605,0.025565388397246803,20.004916420845625,0.07629150030478939,89
WILD THINGS: DIAMONDS IN THE ROUGH,0.8606622780769998,0.04871794871794872,22.125641025641027,0.018576870990485293,131
WILD THINGS,0.3635067437379576,0.20672478206724781,11.74719800747198,0.010376380215982004,142
WILD WILD WEST,0.2899712497886014,0.32318840579710145,12.424637681159421,0.09924742137875771,196
DRUID,0.24,0.07095926412614981,7.450722733245729,0.07400698691373296,137
WIN WIN,0.7637282875306602,0.0,11.900936037441499,0.0669372648899305,131
WIND CHILL,0.22910950941641478,0.21894736842105264,10.372631578947368,0.03752316149182995,102
ANOTHER LANE,0.8404761904761905,0.21445783132530122,22.966265060240964,0.01942124668911699,163
DOROTHY,0.3138955342902711,0.0876424189307625,8.279579316389132,0.11974384447028817,0
THE WOLF OF WALL STREET,0.48580745341614906,0.08650190114068441,14.86977186311787,0.04008783115208433,200
WONDER BOYS,0.00027713991606619683,60.0,3.5,0.0,128
THE WOODSMAN,0.566493860845839,0.09978540772532189,11.138412017167383,0.008761121898981978,125
LACHAISE,0.2352489833499578,0.11244377811094453,9.193403298350825,0.0894880520783456,260
THE WRESTLER,0.7555805075230182,0.07007007007007007,16.83983983983984,0.037268413702035125,138
X-FILES,0.24199752955708487,0.12942989214175654,10.565485362095531,0.0485299383416196,132
X-MEN ORIGINS: WOLVERINE,0.8537157287157288,0.02666666666666667,36.06095238095238,0.027231295404786825,132
FRECKLED KID,0.17839718754484143,0.09624413145539906,11.673708920187794,0.022802979349589518,215
STERLING.,0.8668758043758044,0.05758426966292135,30.27247191011236,0.01741430764857579,128
YEAR ONE,0.7932196508323183,0.2463002114164905,20.652219873150106,0.07794392067776168,51
YES MAN,0.7892281029196108,0.06896551724137931,15.702917771883289,0.06980300770569231,149
KATHLEEN,0.0,21.0,0.0,0.0,196
SHOOTING DRAFT,0.8245791604517366,0.0022346368715083797,17.294972067039105,0.025120087241268903,170
YOUTH IN REVOLT,0.8466684506288467,0.018501387604070305,20.488436632747455,0.0649401745889635,206
ZERO DARK THIRTY,0.7858829941860465,0.03345724907063197,21.43990086741016,0.031028355762046916,229
ZEROPHILIA,0.8067277469404133,0.022128556375131718,12.71127502634352,0.060423527584606354,32
